budget,method_a,method_b,avg_layer_jaccard
128,attention,attention,1.0
128,attention,attention_l1,0.5469670882809428
128,attention,attention_l2,0.6477249626628226
128,attention,compactor,0.34643151661124466
128,attention,l1_leverage,0.5439781346381539
128,attention,l1_prefill_only,0.49707398512936657
128,attention,l2_key_prefill_only,0.5132650497122432
128,attention,l2_leverage,0.5721956686396599
128,attention,l2_prefill_only,0.49433443375601555
128,attention,pyramidkv,0.41115227880016275
128,attention,random,0.3489791382866868
128,attention,recency,0.5819455485031665
128,attention,sink_recent,0.5927895267928498
128,attention,snapkv,0.41651401155441276
128,attention_l1,attention,0.5469670882809428
128,attention_l1,attention_l1,1.0
128,attention_l1,attention_l2,0.6127961076916963
128,attention_l1,compactor,0.3176486277679122
128,attention_l1,l1_leverage,0.5671298336889018
128,attention_l1,l1_prefill_only,0.48751729585038733
128,attention_l1,l2_key_prefill_only,0.4599389430220632
128,attention_l1,l2_leverage,0.45396152124583905
128,attention_l1,l2_prefill_only,0.47678790969287793
128,attention_l1,pyramidkv,0.3743807466619708
128,attention_l1,random,0.2781598540328251
128,attention_l1,recency,0.4460103127780673
128,attention_l1,sink_recent,0.46591280160119675
128,attention_l1,snapkv,0.38168585440681146
128,attention_l2,attention,0.6477249626628226
128,attention_l2,attention_l1,0.6127961076916963
128,attention_l2,attention_l2,1.0
128,attention_l2,compactor,0.3463808666365867
128,attention_l2,l1_leverage,0.4907197538639794
128,attention_l2,l1_prefill_only,0.4501363523631008
128,attention_l2,l2_key_prefill_only,0.46747036222935134
128,attention_l2,l2_leverage,0.5144505747626201
128,attention_l2,l2_prefill_only,0.4568276823783537
128,attention_l2,pyramidkv,0.3971095164452401
128,attention_l2,random,0.3141890532715026
128,attention_l2,recency,0.5151395236279506
128,attention_l2,sink_recent,0.5377050866913725
128,attention_l2,snapkv,0.403227103411506
128,compactor,attention,0.34643151661124466
128,compactor,attention_l1,0.3176486277679122
128,compactor,attention_l2,0.3463808666365867
128,compactor,compactor,1.0
128,compactor,l1_leverage,0.3045163784414521
128,compactor,l1_prefill_only,0.26485042726397534
128,compactor,l2_key_prefill_only,0.28100846326678347
128,compactor,l2_leverage,0.34375605462463127
128,compactor,l2_prefill_only,0.2666824180729823
128,compactor,pyramidkv,0.4657662078593014
128,compactor,random,0.20616327401479453
128,compactor,recency,0.35557454134833144
128,compactor,sink_recent,0.35557454134833144
128,compactor,snapkv,0.4749309737945877
128,l1_leverage,attention,0.5439781346381539
128,l1_leverage,attention_l1,0.5671298336889018
128,l1_leverage,attention_l2,0.4907197538639794
128,l1_leverage,compactor,0.3045163784414521
128,l1_leverage,l1_leverage,1.0
128,l1_leverage,l1_prefill_only,0.6553109039987203
128,l1_leverage,l2_key_prefill_only,0.5498866932017884
128,l1_leverage,l2_leverage,0.5772421143109929
128,l1_leverage,l2_prefill_only,0.6019687797773766
128,l1_leverage,pyramidkv,0.36977791313922886
128,l1_leverage,random,0.34503094868643125
128,l1_leverage,recency,0.5712359835625276
128,l1_leverage,sink_recent,0.5929113198011748
128,l1_leverage,snapkv,0.3764087125973059
128,l1_prefill_only,attention,0.49707398512936657
128,l1_prefill_only,attention_l1,0.48751729585038733
128,l1_prefill_only,attention_l2,0.4501363523631008
128,l1_prefill_only,compactor,0.26485042726397534
128,l1_prefill_only,l1_leverage,0.6553109039987203
128,l1_prefill_only,l1_prefill_only,1.0
128,l1_prefill_only,l2_key_prefill_only,0.7114434493343539
128,l1_prefill_only,l2_leverage,0.44590318728073935
128,l1_prefill_only,l2_prefill_only,0.8024120471542862
128,l1_prefill_only,pyramidkv,0.3324340769547191
128,l1_prefill_only,random,0.25933595601832543
128,l1_prefill_only,recency,0.347368421052634
128,l1_prefill_only,sink_recent,0.3763440860215043
128,l1_prefill_only,snapkv,0.34262462510344355
128,l2_key_prefill_only,attention,0.5132650497122432
128,l2_key_prefill_only,attention_l1,0.4599389430220632
128,l2_key_prefill_only,attention_l2,0.46747036222935134
128,l2_key_prefill_only,compactor,0.28100846326678347
128,l2_key_prefill_only,l1_leverage,0.5498866932017884
128,l2_key_prefill_only,l1_prefill_only,0.7114434493343539
128,l2_key_prefill_only,l2_key_prefill_only,1.0
128,l2_key_prefill_only,l2_leverage,0.44603061862298926
128,l2_key_prefill_only,l2_prefill_only,0.7392331006183246
128,l2_key_prefill_only,pyramidkv,0.3456493198857722
128,l2_key_prefill_only,random,0.2596746534441904
128,l2_key_prefill_only,recency,0.347368421052634
128,l2_key_prefill_only,sink_recent,0.3763440860215043
128,l2_key_prefill_only,snapkv,0.35659535473528786
128,l2_leverage,attention,0.5721956686396599
128,l2_leverage,attention_l1,0.45396152124583905
128,l2_leverage,attention_l2,0.5144505747626201
128,l2_leverage,compactor,0.34375605462463127
128,l2_leverage,l1_leverage,0.5772421143109929
128,l2_leverage,l1_prefill_only,0.44590318728073935
128,l2_leverage,l2_key_prefill_only,0.44603061862298926
128,l2_leverage,l2_leverage,1.0
128,l2_leverage,l2_prefill_only,0.4502033594370543
128,l2_leverage,pyramidkv,0.400377714688922
128,l2_leverage,random,0.3901298313340968
128,l2_leverage,recency,0.6975287395681165
128,l2_leverage,sink_recent,0.7257988755485619
128,l2_leverage,snapkv,0.40461328259473667
128,l2_prefill_only,attention,0.49433443375601555
128,l2_prefill_only,attention_l1,0.47678790969287793
128,l2_prefill_only,attention_l2,0.4568276823783537
128,l2_prefill_only,compactor,0.2666824180729823
128,l2_prefill_only,l1_leverage,0.6019687797773766
128,l2_prefill_only,l1_prefill_only,0.8024120471542862
128,l2_prefill_only,l2_key_prefill_only,0.7392331006183246
128,l2_prefill_only,l2_leverage,0.4502033594370543
128,l2_prefill_only,l2_prefill_only,1.0
128,l2_prefill_only,pyramidkv,0.33940617602225415
128,l2_prefill_only,random,0.2594203623966604
128,l2_prefill_only,recency,0.347368421052634
128,l2_prefill_only,sink_recent,0.3763440860215043
128,l2_prefill_only,snapkv,0.34932405331404087
128,pyramidkv,attention,0.41115227880016275
128,pyramidkv,attention_l1,0.3743807466619708
128,pyramidkv,attention_l2,0.3971095164452401
128,pyramidkv,compactor,0.4657662078593014
128,pyramidkv,l1_leverage,0.36977791313922886
128,pyramidkv,l1_prefill_only,0.3324340769547191
128,pyramidkv,l2_key_prefill_only,0.3456493198857722
128,pyramidkv,l2_leverage,0.400377714688922
128,pyramidkv,l2_prefill_only,0.33940617602225415
128,pyramidkv,pyramidkv,1.0
128,pyramidkv,random,0.23242753105283082
128,pyramidkv,recency,0.4110360029961561
128,pyramidkv,sink_recent,0.40924176177938093
128,pyramidkv,snapkv,0.8527443721670891
128,random,attention,0.3489791382866868
128,random,attention_l1,0.2781598540328251
128,random,attention_l2,0.3141890532715026
128,random,compactor,0.20616327401479453
128,random,l1_leverage,0.34503094868643125
128,random,l1_prefill_only,0.25933595601832543
128,random,l2_key_prefill_only,0.2596746534441904
128,random,l2_leverage,0.3901298313340968
128,random,l2_prefill_only,0.2594203623966604
128,random,pyramidkv,0.23242753105283082
128,random,random,1.0
128,random,recency,0.4684578453150672
128,random,sink_recent,0.4531023632024185
128,random,snapkv,0.23548018573337487
128,recency,attention,0.5819455485031665
128,recency,attention_l1,0.4460103127780673
128,recency,attention_l2,0.5151395236279506
128,recency,compactor,0.35557454134833144
128,recency,l1_leverage,0.5712359835625276
128,recency,l1_prefill_only,0.347368421052634
128,recency,l2_key_prefill_only,0.347368421052634
128,recency,l2_leverage,0.6975287395681165
128,recency,l2_prefill_only,0.347368421052634
128,recency,pyramidkv,0.4110360029961561
128,recency,random,0.4684578453150672
128,recency,recency,1.0
128,recency,sink_recent,0.9393939393939393
128,recency,snapkv,0.4148916237484573
128,sink_recent,attention,0.5927895267928498
128,sink_recent,attention_l1,0.46591280160119675
128,sink_recent,attention_l2,0.5377050866913725
128,sink_recent,compactor,0.35557454134833144
128,sink_recent,l1_leverage,0.5929113198011748
128,sink_recent,l1_prefill_only,0.3763440860215043
128,sink_recent,l2_key_prefill_only,0.3763440860215043
128,sink_recent,l2_leverage,0.7257988755485619
128,sink_recent,l2_prefill_only,0.3763440860215043
128,sink_recent,pyramidkv,0.40924176177938093
128,sink_recent,random,0.4531023632024185
128,sink_recent,recency,0.9393939393939393
128,sink_recent,sink_recent,1.0
128,sink_recent,snapkv,0.4125526516403005
128,snapkv,attention,0.41651401155441276
128,snapkv,attention_l1,0.38168585440681146
128,snapkv,attention_l2,0.403227103411506
128,snapkv,compactor,0.4749309737945877
128,snapkv,l1_leverage,0.3764087125973059
128,snapkv,l1_prefill_only,0.34262462510344355
128,snapkv,l2_key_prefill_only,0.35659535473528786
128,snapkv,l2_leverage,0.40461328259473667
128,snapkv,l2_prefill_only,0.34932405331404087
128,snapkv,pyramidkv,0.8527443721670891
128,snapkv,random,0.23548018573337487
128,snapkv,recency,0.4148916237484573
128,snapkv,sink_recent,0.4125526516403005
128,snapkv,snapkv,1.0
256,attention,attention,1.0
256,attention,attention_l1,0.6538147516362756
256,attention,attention_l2,0.6466381215651299
256,attention,compactor,0.28475611572018567
256,attention,l1_leverage,0.5745506603736311
256,attention,l1_prefill_only,0.3732170952554255
256,attention,l2_key_prefill_only,0.3957476766737276
256,attention,l2_leverage,0.5365914294170455
256,attention,l2_prefill_only,0.3958522959528229
256,attention,pyramidkv,0.4946664890230822
256,attention,random,0.25056265042297
256,attention,recency,0.6218614990724649
256,attention,sink_recent,0.6407860332792974
256,attention,snapkv,0.4742484569098497
256,attention_l1,attention,0.6538147516362756
256,attention_l1,attention_l1,1.0
256,attention_l1,attention_l2,0.7821403799837755
256,attention_l1,compactor,0.2613784107887127
256,attention_l1,l1_leverage,0.8431171939482242
256,attention_l1,l1_prefill_only,0.5611790658723596
256,attention_l1,l2_key_prefill_only,0.5260312634000669
256,attention_l1,l2_leverage,0.6606463359052396
256,attention_l1,l2_prefill_only,0.5642360385079974
256,attention_l1,pyramidkv,0.4271863255793556
256,attention_l1,random,0.24677293123059915
256,attention_l1,recency,0.4569390624726587
256,attention_l1,sink_recent,0.473682723957397
256,attention_l1,snapkv,0.4170884174249873
256,attention_l2,attention,0.6466381215651299
256,attention_l2,attention_l1,0.7821403799837755
256,attention_l2,attention_l2,1.0
256,attention_l2,compactor,0.261216767783206
256,attention_l2,l1_leverage,0.698513214220485
256,attention_l2,l1_prefill_only,0.51131744131983
256,attention_l2,l2_key_prefill_only,0.5149026107857819
256,attention_l2,l2_leverage,0.7186195914971557
256,attention_l2,l2_prefill_only,0.5675904443455817
256,attention_l2,pyramidkv,0.4231803378105602
256,attention_l2,random,0.23609433972064034
256,attention_l2,recency,0.46318606390608463
256,attention_l2,sink_recent,0.480096496007704
256,attention_l2,snapkv,0.4186688288827037
256,compactor,attention,0.28475611572018567
256,compactor,attention_l1,0.2613784107887127
256,compactor,attention_l2,0.261216767783206
256,compactor,compactor,1.0
256,compactor,l1_leverage,0.23667765749545283
256,compactor,l1_prefill_only,0.17120435254641367
256,compactor,l2_key_prefill_only,0.1800903972227228
256,compactor,l2_leverage,0.22919558516241498
256,compactor,l2_prefill_only,0.174764209217842
256,compactor,pyramidkv,0.23836677888057117
256,compactor,random,0.12470916181708647
256,compactor,recency,0.2512012416581999
256,compactor,sink_recent,0.2572454315792019
256,compactor,snapkv,0.24094557843944148
256,l1_leverage,attention,0.5745506603736311
256,l1_leverage,attention_l1,0.8431171939482242
256,l1_leverage,attention_l2,0.698513214220485
256,l1_leverage,compactor,0.23667765749545283
256,l1_leverage,l1_leverage,1.0
256,l1_leverage,l1_prefill_only,0.6565207106724983
256,l1_leverage,l2_key_prefill_only,0.5296806546473185
256,l1_leverage,l2_leverage,0.6569718743782064
256,l1_leverage,l2_prefill_only,0.5929457491243353
256,l1_leverage,pyramidkv,0.38740896643742645
256,l1_leverage,random,0.23454442542889906
256,l1_leverage,recency,0.40053894220966846
256,l1_leverage,sink_recent,0.4160216251112169
256,l1_leverage,snapkv,0.3847481246323088
256,l1_prefill_only,attention,0.3732170952554255
256,l1_prefill_only,attention_l1,0.5611790658723596
256,l1_prefill_only,attention_l2,0.51131744131983
256,l1_prefill_only,compactor,0.17120435254641367
256,l1_prefill_only,l1_leverage,0.6565207106724983
256,l1_prefill_only,l1_prefill_only,1.0
256,l1_prefill_only,l2_key_prefill_only,0.6718266690917679
256,l1_prefill_only,l2_leverage,0.5443990584721277
256,l1_prefill_only,l2_prefill_only,0.7893480279440123
256,l1_prefill_only,pyramidkv,0.29542265080949887
256,l1_prefill_only,random,0.1347794462015236
256,l1_prefill_only,recency,0.2249354852170902
256,l1_prefill_only,sink_recent,0.23671957717900208
256,l1_prefill_only,snapkv,0.3008503190957437
256,l2_key_prefill_only,attention,0.3957476766737276
256,l2_key_prefill_only,attention_l1,0.5260312634000669
256,l2_key_prefill_only,attention_l2,0.5149026107857819
256,l2_key_prefill_only,compactor,0.1800903972227228
256,l2_key_prefill_only,l1_leverage,0.5296806546473185
256,l2_key_prefill_only,l1_prefill_only,0.6718266690917679
256,l2_key_prefill_only,l2_key_prefill_only,1.0
256,l2_key_prefill_only,l2_leverage,0.5246581973101684
256,l2_key_prefill_only,l2_prefill_only,0.7279090423943393
256,l2_key_prefill_only,pyramidkv,0.3120390256779205
256,l2_key_prefill_only,random,0.13466490477588675
256,l2_key_prefill_only,recency,0.2413851339140521
256,l2_key_prefill_only,sink_recent,0.2533578005653938
256,l2_key_prefill_only,snapkv,0.3222617350858921
256,l2_leverage,attention,0.5365914294170455
256,l2_leverage,attention_l1,0.6606463359052396
256,l2_leverage,attention_l2,0.7186195914971557
256,l2_leverage,compactor,0.22919558516241498
256,l2_leverage,l1_leverage,0.6569718743782064
256,l2_leverage,l1_prefill_only,0.5443990584721277
256,l2_leverage,l2_key_prefill_only,0.5246581973101684
256,l2_leverage,l2_leverage,1.0
256,l2_leverage,l2_prefill_only,0.60844868408469
256,l2_leverage,pyramidkv,0.3685493768690132
256,l2_leverage,random,0.2100653083864065
256,l2_leverage,recency,0.3792457901018252
256,l2_leverage,sink_recent,0.39429706126850556
256,l2_leverage,snapkv,0.37750729069835653
256,l2_prefill_only,attention,0.3958522959528229
256,l2_prefill_only,attention_l1,0.5642360385079974
256,l2_prefill_only,attention_l2,0.5675904443455817
256,l2_prefill_only,compactor,0.174764209217842
256,l2_prefill_only,l1_leverage,0.5929457491243353
256,l2_prefill_only,l1_prefill_only,0.7893480279440123
256,l2_prefill_only,l2_key_prefill_only,0.7279090423943393
256,l2_prefill_only,l2_leverage,0.60844868408469
256,l2_prefill_only,l2_prefill_only,1.0
256,l2_prefill_only,pyramidkv,0.31801027638500806
256,l2_prefill_only,random,0.13450486312297522
256,l2_prefill_only,recency,0.23322736432065458
256,l2_prefill_only,sink_recent,0.24517555627832321
256,l2_prefill_only,snapkv,0.3236286549608925
256,pyramidkv,attention,0.4946664890230822
256,pyramidkv,attention_l1,0.4271863255793556
256,pyramidkv,attention_l2,0.4231803378105602
256,pyramidkv,compactor,0.23836677888057117
256,pyramidkv,l1_leverage,0.38740896643742645
256,pyramidkv,l1_prefill_only,0.29542265080949887
256,pyramidkv,l2_key_prefill_only,0.3120390256779205
256,pyramidkv,l2_leverage,0.3685493768690132
256,pyramidkv,l2_prefill_only,0.31801027638500806
256,pyramidkv,pyramidkv,1.0
256,pyramidkv,random,0.16131836020768608
256,pyramidkv,recency,0.45438924588039736
256,pyramidkv,sink_recent,0.458747411579966
256,pyramidkv,snapkv,0.7297302357483039
256,random,attention,0.25056265042297
256,random,attention_l1,0.24677293123059915
256,random,attention_l2,0.23609433972064034
256,random,compactor,0.12470916181708647
256,random,l1_leverage,0.23454442542889906
256,random,l1_prefill_only,0.1347794462015236
256,random,l2_key_prefill_only,0.13466490477588675
256,random,l2_leverage,0.2100653083864065
256,random,l2_prefill_only,0.13450486312297522
256,random,pyramidkv,0.16131836020768608
256,random,random,1.0
256,random,recency,0.2515457820613671
256,random,sink_recent,0.2517043929792111
256,random,snapkv,0.1542047477287009
256,recency,attention,0.6218614990724649
256,recency,attention_l1,0.4569390624726587
256,recency,attention_l2,0.46318606390608463
256,recency,compactor,0.2512012416581999
256,recency,l1_leverage,0.40053894220966846
256,recency,l1_prefill_only,0.2249354852170902
256,recency,l2_key_prefill_only,0.2413851339140521
256,recency,l2_leverage,0.3792457901018252
256,recency,l2_prefill_only,0.23322736432065458
256,recency,pyramidkv,0.45438924588039736
256,recency,random,0.2515457820613671
256,recency,recency,1.0
256,recency,sink_recent,0.9692307692307632
256,recency,snapkv,0.456513540801822
256,sink_recent,attention,0.6407860332792974
256,sink_recent,attention_l1,0.473682723957397
256,sink_recent,attention_l2,0.480096496007704
256,sink_recent,compactor,0.2572454315792019
256,sink_recent,l1_leverage,0.4160216251112169
256,sink_recent,l1_prefill_only,0.23671957717900208
256,sink_recent,l2_key_prefill_only,0.2533578005653938
256,sink_recent,l2_leverage,0.39429706126850556
256,sink_recent,l2_prefill_only,0.24517555627832321
256,sink_recent,pyramidkv,0.458747411579966
256,sink_recent,random,0.2517043929792111
256,sink_recent,recency,0.9692307692307632
256,sink_recent,sink_recent,1.0
256,sink_recent,snapkv,0.4571752270001446
256,snapkv,attention,0.4742484569098497
256,snapkv,attention_l1,0.4170884174249873
256,snapkv,attention_l2,0.4186688288827037
256,snapkv,compactor,0.24094557843944148
256,snapkv,l1_leverage,0.3847481246323088
256,snapkv,l1_prefill_only,0.3008503190957437
256,snapkv,l2_key_prefill_only,0.3222617350858921
256,snapkv,l2_leverage,0.37750729069835653
256,snapkv,l2_prefill_only,0.3236286549608925
256,snapkv,pyramidkv,0.7297302357483039
256,snapkv,random,0.1542047477287009
256,snapkv,recency,0.456513540801822
256,snapkv,sink_recent,0.4571752270001446
256,snapkv,snapkv,1.0
512,attention,attention,1.0
512,attention,attention_l1,0.5848311930661553
512,attention,attention_l2,0.6113628894726907
512,attention,compactor,0.23094519950161876
512,attention,l1_leverage,0.3976231867539372
512,attention,l1_prefill_only,0.30706551354446043
512,attention,l2_key_prefill_only,0.34423547747989297
512,attention,l2_leverage,0.4475883986602861
512,attention,l2_prefill_only,0.3226961643389575
512,attention,pyramidkv,0.41692967772976697
512,attention,random,0.1374857928458808
512,attention,recency,0.4091183705375437
512,attention,sink_recent,0.41661579245347036
512,attention,snapkv,0.4167156581108722
512,attention_l1,attention,0.5848311930661553
512,attention_l1,attention_l1,1.0
512,attention_l1,attention_l2,0.8096476044957959
512,attention_l1,compactor,0.21425490754083124
512,attention_l1,l1_leverage,0.6826640400961187
512,attention_l1,l1_prefill_only,0.5422287173388208
512,attention_l1,l2_key_prefill_only,0.48555155381810794
512,attention_l1,l2_leverage,0.6457817291706328
512,attention_l1,l2_prefill_only,0.5344549697068922
512,attention_l1,pyramidkv,0.35548041640928285
512,attention_l1,random,0.13781505022397797
512,attention_l1,recency,0.3029699736530032
512,attention_l1,sink_recent,0.3095164478310729
512,attention_l1,snapkv,0.3390253638146899
512,attention_l2,attention,0.6113628894726907
512,attention_l2,attention_l1,0.8096476044957959
512,attention_l2,attention_l2,1.0
512,attention_l2,compactor,0.21085628213112798
512,attention_l2,l1_leverage,0.5965744710003985
512,attention_l2,l1_prefill_only,0.4801208640223767
512,attention_l2,l2_key_prefill_only,0.49224676263426465
512,attention_l2,l2_leverage,0.687846297889582
512,attention_l2,l2_prefill_only,0.5283010691250244
512,attention_l2,pyramidkv,0.37309558044362295
512,attention_l2,random,0.13778689612441372
512,attention_l2,recency,0.3255962406281181
512,attention_l2,sink_recent,0.33239854506696076
512,attention_l2,snapkv,0.35979293586076894
512,compactor,attention,0.23094519950161876
512,compactor,attention_l1,0.21425490754083124
512,compactor,attention_l2,0.21085628213112798
512,compactor,compactor,1.0
512,compactor,l1_leverage,0.18429365054146618
512,compactor,l1_prefill_only,0.15073435109388772
512,compactor,l2_key_prefill_only,0.15595888361377896
512,compactor,l2_leverage,0.19879130299342468
512,compactor,l2_prefill_only,0.15246436044468706
512,compactor,pyramidkv,0.16257837059997454
512,compactor,random,0.08931178713359599
512,compactor,recency,0.13975830921269208
512,compactor,sink_recent,0.14273936117516517
512,compactor,snapkv,0.16445050237567096
512,l1_leverage,attention,0.3976231867539372
512,l1_leverage,attention_l1,0.6826640400961187
512,l1_leverage,attention_l2,0.5965744710003985
512,l1_leverage,compactor,0.18429365054146618
512,l1_leverage,l1_leverage,1.0
512,l1_leverage,l1_prefill_only,0.7968892709691539
512,l1_leverage,l2_key_prefill_only,0.5196896163726362
512,l1_leverage,l2_leverage,0.6565007371651238
512,l1_leverage,l2_prefill_only,0.6593444697093498
512,l1_leverage,pyramidkv,0.26803745818603514
512,l1_leverage,random,0.13437509510135986
512,l1_leverage,recency,0.18938590943505562
512,l1_leverage,sink_recent,0.19486551232219732
512,l1_leverage,snapkv,0.253866140253088
512,l1_prefill_only,attention,0.30706551354446043
512,l1_prefill_only,attention_l1,0.5422287173388208
512,l1_prefill_only,attention_l2,0.4801208640223767
512,l1_prefill_only,compactor,0.15073435109388772
512,l1_prefill_only,l1_leverage,0.7968892709691539
512,l1_prefill_only,l1_prefill_only,1.0
512,l1_prefill_only,l2_key_prefill_only,0.5696058134731873
512,l1_prefill_only,l2_leverage,0.5607184585393021
512,l1_prefill_only,l2_prefill_only,0.7347934133925822
512,l1_prefill_only,pyramidkv,0.21068970280673605
512,l1_prefill_only,random,0.07779002926871888
512,l1_prefill_only,recency,0.1159275869444168
512,l1_prefill_only,sink_recent,0.12074195792772373
512,l1_prefill_only,snapkv,0.20751244000915556
512,l2_key_prefill_only,attention,0.34423547747989297
512,l2_key_prefill_only,attention_l1,0.48555155381810794
512,l2_key_prefill_only,attention_l2,0.49224676263426465
512,l2_key_prefill_only,compactor,0.15595888361377896
512,l2_key_prefill_only,l1_leverage,0.5196896163726362
512,l2_key_prefill_only,l1_prefill_only,0.5696058134731873
512,l2_key_prefill_only,l2_key_prefill_only,1.0
512,l2_key_prefill_only,l2_leverage,0.5138085105474037
512,l2_key_prefill_only,l2_prefill_only,0.6244055970240527
512,l2_key_prefill_only,pyramidkv,0.23356553801881072
512,l2_key_prefill_only,random,0.07730589644008853
512,l2_key_prefill_only,recency,0.1571726415003292
512,l2_key_prefill_only,sink_recent,0.1622490484374317
512,l2_key_prefill_only,snapkv,0.24049998147710672
512,l2_leverage,attention,0.4475883986602861
512,l2_leverage,attention_l1,0.6457817291706328
512,l2_leverage,attention_l2,0.687846297889582
512,l2_leverage,compactor,0.19879130299342468
512,l2_leverage,l1_leverage,0.6565007371651238
512,l2_leverage,l1_prefill_only,0.5607184585393021
512,l2_leverage,l2_key_prefill_only,0.5138085105474037
512,l2_leverage,l2_leverage,1.0
512,l2_leverage,l2_prefill_only,0.671355549455961
512,l2_leverage,pyramidkv,0.3032138906290003
512,l2_leverage,random,0.1344520195037941
512,l2_leverage,recency,0.2251084424430567
512,l2_leverage,sink_recent,0.23095202910034043
512,l2_leverage,snapkv,0.28660622820172443
512,l2_prefill_only,attention,0.3226961643389575
512,l2_prefill_only,attention_l1,0.5344549697068922
512,l2_prefill_only,attention_l2,0.5283010691250244
512,l2_prefill_only,compactor,0.15246436044468706
512,l2_prefill_only,l1_leverage,0.6593444697093498
512,l2_prefill_only,l1_prefill_only,0.7347934133925822
512,l2_prefill_only,l2_key_prefill_only,0.6244055970240527
512,l2_prefill_only,l2_leverage,0.671355549455961
512,l2_prefill_only,l2_prefill_only,1.0
512,l2_prefill_only,pyramidkv,0.2230835161761654
512,l2_prefill_only,random,0.0774515122173039
512,l2_prefill_only,recency,0.11861427893163012
512,l2_prefill_only,sink_recent,0.12346566746968334
512,l2_prefill_only,snapkv,0.2197120676021718
512,pyramidkv,attention,0.41692967772976697
512,pyramidkv,attention_l1,0.35548041640928285
512,pyramidkv,attention_l2,0.37309558044362295
512,pyramidkv,compactor,0.16257837059997454
512,pyramidkv,l1_leverage,0.26803745818603514
512,pyramidkv,l1_prefill_only,0.21068970280673605
512,pyramidkv,l2_key_prefill_only,0.23356553801881072
512,pyramidkv,l2_leverage,0.3032138906290003
512,pyramidkv,l2_prefill_only,0.2230835161761654
512,pyramidkv,pyramidkv,1.0
512,pyramidkv,random,0.1054280093974809
512,pyramidkv,recency,0.34183912584643833
512,pyramidkv,sink_recent,0.3456779385078227
512,pyramidkv,snapkv,0.6506076812509924
512,random,attention,0.1374857928458808
512,random,attention_l1,0.13781505022397797
512,random,attention_l2,0.13778689612441372
512,random,compactor,0.08931178713359599
512,random,l1_leverage,0.13437509510135986
512,random,l1_prefill_only,0.07779002926871888
512,random,l2_key_prefill_only,0.07730589644008853
512,random,l2_leverage,0.1344520195037941
512,random,l2_prefill_only,0.0774515122173039
512,random,pyramidkv,0.1054280093974809
512,random,random,1.0
512,random,recency,0.13734323328163464
512,random,sink_recent,0.1374406955965924
512,random,snapkv,0.09579681308882067
512,recency,attention,0.4091183705375437
512,recency,attention_l1,0.3029699736530032
512,recency,attention_l2,0.3255962406281181
512,recency,compactor,0.13975830921269208
512,recency,l1_leverage,0.18938590943505562
512,recency,l1_prefill_only,0.1159275869444168
512,recency,l2_key_prefill_only,0.1571726415003292
512,recency,l2_leverage,0.2251084424430567
512,recency,l2_prefill_only,0.11861427893163012
512,recency,pyramidkv,0.34183912584643833
512,recency,random,0.13734323328163464
512,recency,recency,1.0
512,recency,sink_recent,0.984496124031011
512,recency,snapkv,0.3727803628390514
512,sink_recent,attention,0.41661579245347036
512,sink_recent,attention_l1,0.3095164478310729
512,sink_recent,attention_l2,0.33239854506696076
512,sink_recent,compactor,0.14273936117516517
512,sink_recent,l1_leverage,0.19486551232219732
512,sink_recent,l1_prefill_only,0.12074195792772373
512,sink_recent,l2_key_prefill_only,0.1622490484374317
512,sink_recent,l2_leverage,0.23095202910034043
512,sink_recent,l2_prefill_only,0.12346566746968334
512,sink_recent,pyramidkv,0.3456779385078227
512,sink_recent,random,0.1374406955965924
512,sink_recent,recency,0.984496124031011
512,sink_recent,sink_recent,1.0
512,sink_recent,snapkv,0.37640130983239695
512,snapkv,attention,0.4167156581108722
512,snapkv,attention_l1,0.3390253638146899
512,snapkv,attention_l2,0.35979293586076894
512,snapkv,compactor,0.16445050237567096
512,snapkv,l1_leverage,0.253866140253088
512,snapkv,l1_prefill_only,0.20751244000915556
512,snapkv,l2_key_prefill_only,0.24049998147710672
512,snapkv,l2_leverage,0.28660622820172443
512,snapkv,l2_prefill_only,0.2197120676021718
512,snapkv,pyramidkv,0.6506076812509924
512,snapkv,random,0.09579681308882067
512,snapkv,recency,0.3727803628390514
512,snapkv,sink_recent,0.37640130983239695
512,snapkv,snapkv,1.0
