accuracy,avg_evidence_recall,avg_official_score,avg_ppl,avg_primary_score,avg_tokens_per_second,contains_ground_truth,context_length,method,n,official_accuracy
0.5333333333333333,0.0,53.333333333333336,28.83183751163417,53.333333333333336,13.639116502851362,0.5333333333333333,15684,attention,15,0.5333333333333333
0.5925925925925926,0.0,59.25925925925926,24.961705028363642,59.25925925925926,13.278204744613761,0.5925925925925926,15687,attention,27,0.5925925925925926
0.6666666666666666,0.0,66.66666666666667,24.10021713186199,66.66666666666667,13.172143669762855,0.6666666666666666,15690,attention,9,0.6666666666666666
0.6666666666666666,0.0,66.66666666666667,32.53062134046244,66.66666666666667,14.340705227364209,0.6666666666666666,15693,attention,6,0.6666666666666666
0.6666666666666666,0.0,66.66666666666667,15.185570715181049,66.66666666666667,10.771706917844122,0.6666666666666666,15696,attention,3,0.6666666666666666
1.0,0.0,100.0,5.354226692760425,100.0,13.686564643669946,1.0,15684,attention_l1,15,1.0
1.0,0.0,100.0,5.214748679986635,100.0,13.895299293845378,1.0,15687,attention_l1,27,1.0
1.0,0.0,100.0,5.555065210142322,100.0,13.262461189144844,1.0,15690,attention_l1,9,1.0
1.0,0.0,100.0,5.818777429961632,100.0,11.679858029685926,1.0,15693,attention_l1,6,1.0
1.0,0.0,100.0,6.41308502592031,100.0,12.42532910518001,1.0,15696,attention_l1,3,1.0
1.0,0.0,100.0,5.463899242437029,100.0,12.972433169959006,1.0,15684,attention_l2,15,1.0
1.0,0.0,100.0,5.262388608584405,100.0,13.84762877410868,1.0,15687,attention_l2,27,1.0
1.0,0.0,100.0,5.543393988559793,100.0,13.4290000681924,1.0,15690,attention_l2,9,1.0
1.0,0.0,100.0,5.769424956598044,100.0,13.087940115284107,1.0,15693,attention_l2,6,1.0
1.0,0.0,100.0,6.264455865184239,100.0,12.176744899787776,1.0,15696,attention_l2,3,1.0
0.0,0.0,0.0,65.6636454108377,0.0,16.58088929004278,0.0,15684,compactor,15,0.0
0.0,0.0,0.0,43.1680030139862,0.0,17.024224562152448,0.0,15687,compactor,27,0.0
0.0,0.0,0.0,59.05854415402587,0.0,17.129864214640005,0.0,15690,compactor,9,0.0
0.0,0.0,0.0,111.76258535654442,0.0,17.334874429773027,0.0,15693,compactor,6,0.0
0.0,0.0,0.0,54.03741331938968,0.0,16.080229317766086,0.0,15696,compactor,3,0.0
1.0,0.0,100.0,5.582530254831671,100.0,11.544136200460205,1.0,15684,full,15,1.0
1.0,0.0,100.0,5.43119472645853,100.0,11.48683900675753,1.0,15687,full,27,1.0
1.0,0.0,100.0,5.7260260602650375,100.0,11.331040274939475,1.0,15690,full,9,1.0
1.0,0.0,100.0,6.055890298169325,100.0,11.454751246893869,1.0,15693,full,6,1.0
1.0,0.0,100.0,6.271010462790426,100.0,11.190077837156345,1.0,15696,full,3,1.0
1.0,0.0,100.0,5.637871739096186,100.0,21.954104549273314,1.0,15684,l1_leverage,15,1.0
1.0,0.0,100.0,5.533575735122973,100.0,21.508144676293803,1.0,15687,l1_leverage,27,1.0
1.0,0.0,100.0,5.899984140113058,100.0,21.608389213190605,1.0,15690,l1_leverage,9,1.0
1.0,0.0,100.0,6.1849923502242605,100.0,20.74501915716054,1.0,15693,l1_leverage,6,1.0
1.0,0.0,100.0,6.436866515508217,100.0,20.72937382372216,1.0,15696,l1_leverage,3,1.0
1.0,0.0,100.0,5.637871739096186,100.0,21.28147850443168,1.0,15684,l1_prefill_only,15,1.0
1.0,0.0,100.0,5.533575735122973,100.0,22.05226878802537,1.0,15687,l1_prefill_only,27,1.0
1.0,0.0,100.0,5.899984140113058,100.0,22.12124186402139,1.0,15690,l1_prefill_only,9,1.0
1.0,0.0,100.0,6.1849923502242605,100.0,21.00395427755174,1.0,15693,l1_prefill_only,6,1.0
1.0,0.0,100.0,6.436866515508217,100.0,20.734490761740762,1.0,15696,l1_prefill_only,3,1.0
1.0,0.0,100.0,5.683429933265279,100.0,21.797529594402082,1.0,15684,l2_key_prefill_only,15,1.0
1.0,0.0,100.0,5.474189297209332,100.0,22.001406549872346,1.0,15687,l2_key_prefill_only,27,1.0
1.0,0.0,100.0,6.01332372286232,100.0,21.472442646830146,1.0,15690,l2_key_prefill_only,9,1.0
1.0,0.0,100.0,6.077287241921046,100.0,20.877182961760962,1.0,15693,l2_key_prefill_only,6,1.0
1.0,0.0,100.0,6.247260067665913,100.0,20.610135214170477,1.0,15696,l2_key_prefill_only,3,1.0
1.0,0.0,100.0,5.705402947231738,100.0,21.93636604939151,1.0,15684,l2_leverage,15,1.0
1.0,0.0,100.0,5.501030374193681,100.0,21.95427015488888,1.0,15687,l2_leverage,27,1.0
1.0,0.0,100.0,5.8180824820085855,100.0,21.397624431472284,1.0,15690,l2_leverage,9,1.0
1.0,0.0,100.0,6.139527155208771,100.0,20.699319424573144,1.0,15693,l2_leverage,6,1.0
1.0,0.0,100.0,6.347320757042067,100.0,21.027539868838616,1.0,15696,l2_leverage,3,1.0
1.0,0.0,100.0,5.703881958201895,100.0,22.14778427831453,1.0,15684,l2_prefill_only,15,1.0
1.0,0.0,100.0,5.495519576294934,100.0,22.114246221384548,1.0,15687,l2_prefill_only,27,1.0
1.0,0.0,100.0,5.8152932571547105,100.0,21.893139258203966,1.0,15690,l2_prefill_only,9,1.0
1.0,0.0,100.0,6.102096520984578,100.0,22.410076479924754,1.0,15693,l2_prefill_only,6,1.0
1.0,0.0,100.0,6.352430369406673,100.0,20.784187060739857,1.0,15696,l2_prefill_only,3,1.0
0.0,0.0,0.0,15.998636406629647,0.0,11.692330135050828,0.0,15684,pyramidkv,15,0.0
0.1111111111111111,0.0,11.11111111111111,21.319254806574598,11.11111111111111,12.20878828275514,0.1111111111111111,15687,pyramidkv,27,0.1111111111111111
0.3333333333333333,0.0,33.333333333333336,13.437560536010926,33.333333333333336,12.23288018838786,0.3333333333333333,15690,pyramidkv,9,0.3333333333333333
0.3333333333333333,0.0,33.333333333333336,24.704206411741414,33.333333333333336,12.640841806230023,0.3333333333333333,15693,pyramidkv,6,0.3333333333333333
0.0,0.0,0.0,27.415454854721077,0.0,12.958069003510806,0.0,15696,pyramidkv,3,0.0
0.0,0.0,0.0,112.0520486396972,0.0,22.16078307122299,0.0,15684,random,15,0.0
0.0,0.0,0.0,44.45986789764576,0.0,21.847388097515243,0.0,15687,random,27,0.0
0.0,0.0,0.0,343.5719165348293,0.0,21.277158791987624,0.0,15690,random,9,0.0
0.0,0.0,0.0,81.65369352611339,0.0,20.92891929972299,0.0,15693,random,6,0.0
0.0,0.0,0.0,113.27012060037059,0.0,20.708989741802814,0.0,15696,random,3,0.0
0.0,0.0,0.0,162.81472127771505,0.0,23.39211584705849,0.0,15684,recency,15,0.0
0.037037037037037035,0.0,3.7037037037037037,186.92184047791275,3.7037037037037037,23.35264411448009,0.037037037037037035,15687,recency,27,0.037037037037037035
0.0,0.0,0.0,231.82739702702526,0.0,23.42023971580099,0.0,15690,recency,9,0.0
0.0,0.0,0.0,181.2538266841865,0.0,22.66864173360814,0.0,15693,recency,6,0.0
0.0,0.0,0.0,116.21862092133642,0.0,22.979099903141435,0.0,15696,recency,3,0.0
0.0,0.0,0.0,150.97108228367682,0.0,23.206216762804743,0.0,15684,sink_recent,15,0.0
0.037037037037037035,0.0,3.7037037037037037,198.47148514519483,3.7037037037037037,23.261910674880053,0.037037037037037035,15687,sink_recent,27,0.037037037037037035
0.0,0.0,0.0,167.52925963135633,0.0,23.21867024366932,0.0,15690,sink_recent,9,0.0
0.0,0.0,0.0,164.07143876633856,0.0,22.959724043182586,0.0,15693,sink_recent,6,0.0
0.0,0.0,0.0,175.48084592728915,0.0,23.07677782140871,0.0,15696,sink_recent,3,0.0
0.26666666666666666,0.0,26.666666666666668,8.718747395304417,26.666666666666668,12.789001864508366,0.26666666666666666,15684,snapkv,15,0.26666666666666666
0.4444444444444444,0.0,44.44444444444444,9.453943933162853,44.44444444444444,12.167114009131305,0.4444444444444444,15687,snapkv,27,0.4444444444444444
0.7777777777777778,0.0,77.77777777777777,6.5168833574879175,77.77777777777777,12.47629463138938,0.7777777777777778,15690,snapkv,9,0.7777777777777778
0.3333333333333333,0.0,33.333333333333336,11.051939494997162,33.333333333333336,11.674331497254101,0.3333333333333333,15693,snapkv,6,0.3333333333333333
0.3333333333333333,0.0,33.333333333333336,13.091312377944554,33.333333333333336,12.378478797223167,0.3333333333333333,15696,snapkv,3,0.3333333333333333
