method,budget,sample_id,official_score,gt,first_number,leading_digit_match,gt_len,needle_token_count,needle_pattern,needle_prompt_start,needle_prompt_end,mean_layer_needle_recall,max_layer_needle_recall,full_recall_layer_fraction
full,128,0,100.0,7700828,7700828,7,7,7,7700828,8920,8926,1.0,1.0,1.0
full,128,1,100.0,9548432,9548432,7,7,7,9548432,12162,12168,1.0,1.0,1.0
full,128,2,100.0,2839607,2839607,7,7,7,2839607,3784,3790,1.0,1.0,1.0
full,128,3,100.0,8082668,8082668,7,7,7,8082668,14680,14686,1.0,1.0,1.0
full,128,4,100.0,7402509,7402509,7,7,7,7402509,14680,14686,1.0,1.0,1.0
full,128,5,100.0,5218028,5218028,7,7,7,5218028,13625,13631,1.0,1.0,1.0
full,128,6,100.0,2921859,2921859,7,7,7,2921859,13217,13223,1.0,1.0,1.0
full,128,7,100.0,6707197,6707197,7,7,7,6707197,2776,2782,1.0,1.0,1.0
full,128,8,100.0,3653446,3653446,7,7,7,3653446,11178,11184,1.0,1.0,1.0
full,128,9,100.0,5418934,5418934,7,7,7,5418934,12329,12335,1.0,1.0,1.0
full,128,10,100.0,2785277,2785277,7,7,7,2785277,15400,15406,1.0,1.0,1.0
full,128,11,100.0,9517169,9517169,7,7,7,9517169,14991,14997,1.0,1.0,1.0
full,128,12,100.0,7273233,7273233,7,7,7,7273233,4000,4006,1.0,1.0,1.0
full,128,13,100.0,6438436,6438436,7,7,7,6438436,12039,12045,1.0,1.0,1.0
full,128,14,100.0,7089806,7089806,7,7,7,7089806,7576,7582,1.0,1.0,1.0
full,128,15,100.0,5041154,5041154,7,7,7,5041154,13959,13965,1.0,1.0,1.0
full,128,16,100.0,9153566,9153566,7,7,7,9153566,1719,1725,1.0,1.0,1.0
full,128,17,100.0,8973915,8973915,7,7,7,8973915,13527,13533,1.0,1.0,1.0
full,128,18,100.0,9852897,9852897,7,7,7,9852897,14947,14953,1.0,1.0,1.0
full,128,19,100.0,4374754,4374754,7,7,7,4374754,7696,7702,1.0,1.0,1.0
random,128,0,0.0,7700828,100000000000000000000000000000000000000000000000000000000000000000000000000000000000000000000000000000000000000000000000000,0,7,7,7700828,8920,8926,0.0,0.0,0.0
random,128,1,0.0,9548432,00000000000000000000000000000000000000000000000000000000000000000000000000000000000000000000000000000000000000000000000000000000,0,7,7,9548432,12162,12168,0.00510204081632653,0.14285714285714285,0.0
random,128,2,0.0,2839607,,0,7,7,2839607,3784,3790,0.0,0.0,0.0
random,128,3,0.0,8082668,10000000000000000000000000000000000000000000000000000000000000000000000000000000000000000000000000000000000000000000000000000000,0,7,7,8082668,14680,14686,0.0,0.0,0.0
random,128,4,0.0,7402509,10000000000000000000000000000000000000000000000000000000000000000000000000000000000000000000000000000000000000000000000000000000,0,7,7,7402509,14680,14686,0.0,0.0,0.0
random,128,5,0.0,5218028,11111111111111111111111111111111111111111111111111111111111111111111111111111111111111111111111111111111111111111111111111111111,0,7,7,5218028,13625,13631,0.0,0.0,0.0
random,128,6,0.0,2921859,10000000000000000000000000000000000000000000000000000000000000000000000000000000000000000000000000000000000000000000000000000000,0,7,7,2921859,13217,13223,0.00510204081632653,0.14285714285714285,0.0
random,128,7,0.0,6707197,,0,7,7,6707197,2776,2782,0.0,0.0,0.0
random,128,8,0.0,3653446,63333333333333333333333333333333333333333333333333333333333333333333333333333333333333333333333333333333333333333333333333333333,0,7,7,3653446,11178,11184,0.01020408163265306,0.14285714285714285,0.0
random,128,9,0.0,5418934,11111111111111111111111111111111111111111111111111111111111111111111111111111111111111111111111111111111111111111111111111111111,0,7,7,5418934,12329,12335,0.01020408163265306,0.14285714285714285,0.0
random,128,10,0.0,2785277,10000000000000000000000000000000000000000000000000000000000000000000000000000000000000000000000000000000000000000000000000000000,0,7,7,2785277,15400,15406,0.0,0.0,0.0
random,128,11,0.0,9517169,10000000000000000000000000000000000000000000000000000000000000000000000000000000000000000000000000000000000000000000000000000000,0,7,7,9517169,14991,14997,0.00510204081632653,0.14285714285714285,0.0
random,128,12,0.0,7273233,00000000000000000000000000000000000000000000000000000000000000000000000000000000000000000000000000000000000000000000000000000000,0,7,7,7273233,4000,4006,0.0,0.0,0.0
random,128,13,0.0,6438436,1,0,7,7,6438436,12039,12045,0.00510204081632653,0.14285714285714285,0.0
random,128,14,0.0,7089806,11111111111111111111111111111111111111111111111111111111111111111111111111111111111111111111111111111111111111111111111111111111,0,7,7,7089806,7576,7582,0.0,0.0,0.0
random,128,15,0.0,5041154,00000000000000000000000000000000000000000000000000000000000000000000000000000000000000000000000000000000000000000000000000000000,0,7,7,5041154,13959,13965,0.01020408163265306,0.14285714285714285,0.0
random,128,16,0.0,9153566,11111111111111111111111111111111111111111111111111111111111111111111111111111111111111111111111111111111111111111111111111111111,0,7,7,9153566,1719,1725,0.01020408163265306,0.14285714285714285,0.0
random,128,17,0.0,8973915,1,0,7,7,8973915,13527,13533,0.0,0.0,0.0
random,128,18,0.0,9852897,0,0,7,7,9852897,14947,14953,0.0,0.0,0.0
random,128,19,0.0,4374754,10000000000000000000000000000000000000000000000000000000000000000000000000000000000000000000000000000000000000000000000000000000,0,7,7,4374754,7696,7702,0.0,0.0,0.0
recency,128,0,0.0,7700828,10,0,7,7,7700828,8920,8926,0.0,0.0,0.0
recency,128,1,0.0,9548432,13,0,7,7,9548432,12162,12168,0.0,0.0,0.0
recency,128,2,0.0,2839607,17,0,7,7,2839607,3784,3790,0.0,0.0,0.0
recency,128,3,0.0,8082668,13,0,7,7,8082668,14680,14686,0.0,0.0,0.0
recency,128,4,0.0,7402509,13,0,7,7,7402509,14680,14686,0.0,0.0,0.0
recency,128,5,0.0,5218028,13,0,7,7,5218028,13625,13631,0.0,0.0,0.0
recency,128,6,0.0,2921859,10,0,7,7,2921859,13217,13223,0.0,0.0,0.0
recency,128,7,0.0,6707197,10,0,7,7,6707197,2776,2782,0.0,0.0,0.0
recency,128,8,0.0,3653446,10,0,7,7,3653446,11178,11184,0.0,0.0,0.0
recency,128,9,0.0,5418934,13,0,7,7,5418934,12329,12335,0.0,0.0,0.0
recency,128,10,0.0,2785277,23,1,7,7,2785277,15400,15406,0.0,0.0,0.0
recency,128,11,0.0,9517169,10,0,7,7,9517169,14991,14997,0.0,0.0,0.0
recency,128,12,0.0,7273233,13,0,7,7,7273233,4000,4006,0.0,0.0,0.0
recency,128,13,0.0,6438436,100,0,7,7,6438436,12039,12045,0.0,0.0,0.0
recency,128,14,0.0,7089806,13,0,7,7,7089806,7576,7582,0.0,0.0,0.0
recency,128,15,0.0,5041154,10,0,7,7,5041154,13959,13965,0.0,0.0,0.0
recency,128,16,0.0,9153566,10,0,7,7,9153566,1719,1725,0.0,0.0,0.0
recency,128,17,0.0,8973915,13,0,7,7,8973915,13527,13533,0.0,0.0,0.0
recency,128,18,0.0,9852897,13,0,7,7,9852897,14947,14953,0.0,0.0,0.0
recency,128,19,0.0,4374754,10,0,7,7,4374754,7696,7702,0.0,0.0,0.0
sink_recent,128,0,0.0,7700828,10,0,7,7,7700828,8920,8926,0.0,0.0,0.0
sink_recent,128,1,0.0,9548432,13,0,7,7,9548432,12162,12168,0.0,0.0,0.0
sink_recent,128,2,0.0,2839607,13,0,7,7,2839607,3784,3790,0.0,0.0,0.0
sink_recent,128,3,0.0,8082668,13,0,7,7,8082668,14680,14686,0.0,0.0,0.0
sink_recent,128,4,0.0,7402509,100,0,7,7,7402509,14680,14686,0.0,0.0,0.0
sink_recent,128,5,0.0,5218028,13,0,7,7,5218028,13625,13631,0.0,0.0,0.0
sink_recent,128,6,0.0,2921859,10,0,7,7,2921859,13217,13223,0.0,0.0,0.0
sink_recent,128,7,0.0,6707197,10,0,7,7,6707197,2776,2782,0.0,0.0,0.0
sink_recent,128,8,0.0,3653446,42,0,7,7,3653446,11178,11184,0.0,0.0,0.0
sink_recent,128,9,0.0,5418934,13,0,7,7,5418934,12329,12335,0.0,0.0,0.0
sink_recent,128,10,0.0,2785277,137,0,7,7,2785277,15400,15406,0.0,0.0,0.0
sink_recent,128,11,0.0,9517169,10,0,7,7,9517169,14991,14997,0.0,0.0,0.0
sink_recent,128,12,0.0,7273233,13,0,7,7,7273233,4000,4006,0.0,0.0,0.0
sink_recent,128,13,0.0,6438436,13,0,7,7,6438436,12039,12045,0.0,0.0,0.0
sink_recent,128,14,0.0,7089806,13,0,7,7,7089806,7576,7582,0.0,0.0,0.0
sink_recent,128,15,0.0,5041154,13,0,7,7,5041154,13959,13965,0.0,0.0,0.0
sink_recent,128,16,0.0,9153566,13,0,7,7,9153566,1719,1725,0.0,0.0,0.0
sink_recent,128,17,0.0,8973915,13,0,7,7,8973915,13527,13533,0.0,0.0,0.0
sink_recent,128,18,0.0,9852897,100,0,7,7,9852897,14947,14953,0.0,0.0,0.0
sink_recent,128,19,0.0,4374754,10,0,7,7,4374754,7696,7702,0.0,0.0,0.0
attention,128,0,0.0,7700828,77008,5,7,7,7700828,8920,8926,0.1173469387755102,0.8571428571428571,0.0
attention,128,1,0.0,9548432,9548,4,7,7,9548432,12162,12168,0.11734693877551018,0.7142857142857143,0.0
attention,128,2,0.0,2839607,2817,2,7,7,2839607,3784,3790,0.02040816326530612,0.14285714285714285,0.0
attention,128,3,0.0,8082668,80826,5,7,7,8082668,14680,14686,0.14285714285714282,0.8571428571428571,0.0
attention,128,4,0.0,7402509,7402,4,7,7,7402509,14680,14686,0.17346938775510207,0.7142857142857143,0.0
attention,128,5,0.0,5218028,5218,4,7,7,5218028,13625,13631,0.11224489795918366,0.8571428571428571,0.0
attention,128,6,0.0,2921859,2921,4,7,7,2921859,13217,13223,0.11734693877551018,0.7142857142857143,0.0
attention,128,7,0.0,6707197,6711,2,7,7,6707197,2776,2782,0.04591836734693877,0.5714285714285714,0.0
attention,128,8,0.0,3653446,3653,4,7,7,3653446,11178,11184,0.1020408163265306,0.8571428571428571,0.0
attention,128,9,0.0,5418934,541893,6,7,7,5418934,12329,12335,0.163265306122449,1.0,0.03571428571428571
attention,128,10,0.0,2785277,278527,6,7,7,2785277,15400,15406,0.13775510204081629,0.8571428571428571,0.0
attention,128,11,0.0,9517169,951,3,7,7,9517169,14991,14997,0.09693877551020406,0.5714285714285714,0.0
attention,128,12,0.0,7273233,727,3,7,7,7273233,4000,4006,0.06632653061224489,0.42857142857142855,0.0
attention,128,13,0.0,6438436,6438,4,7,7,6438436,12039,12045,0.08163265306122447,0.7142857142857143,0.0
attention,128,14,0.0,7089806,708,3,7,7,7089806,7576,7582,0.11734693877551018,1.0,0.03571428571428571
attention,128,15,0.0,5041154,5041,4,7,7,5041154,13959,13965,0.12755102040816324,0.7142857142857143,0.0
attention,128,16,0.0,9153566,9153,4,7,7,9153566,1719,1725,0.06122448979591836,0.5714285714285714,0.0
attention,128,17,0.0,8973915,897,3,7,7,8973915,13527,13533,0.1020408163265306,0.5714285714285714,0.0
attention,128,18,0.0,9852897,9852,4,7,7,9852897,14947,14953,0.17346938775510207,1.0,0.03571428571428571
attention,128,19,0.0,4374754,437,3,7,7,4374754,7696,7702,0.12755102040816324,0.8571428571428571,0.0
snapkv,128,0,0.0,7700828,770,3,7,7,7700828,8920,8926,0.8112244897959184,1.0,0.6428571428571429
snapkv,128,1,0.0,9548432,954,3,7,7,9548432,12162,12168,0.7602040816326531,1.0,0.5
snapkv,128,2,0.0,2839607,2807,2,7,7,2839607,3784,3790,0.5408163265306122,1.0,0.14285714285714285
snapkv,128,3,0.0,8082668,808,3,7,7,8082668,14680,14686,0.8520408163265306,1.0,0.7142857142857143
snapkv,128,4,0.0,7402509,74090509,3,7,7,7402509,14680,14686,0.8571428571428571,1.0,0.75
snapkv,128,5,100.0,5218028,5218028,7,7,7,5218028,13625,13631,0.7346938775510204,1.0,0.5
snapkv,128,6,0.0,2921859,291859,2,7,7,2921859,13217,13223,0.8163265306122449,1.0,0.6785714285714286
snapkv,128,7,0.0,6707197,670,3,7,7,6707197,2776,2782,0.6836734693877551,1.0,0.42857142857142855
snapkv,128,8,0.0,3653446,365446,3,7,7,3653446,11178,11184,0.8061224489795918,1.0,0.6785714285714286
snapkv,128,9,0.0,5418934,5418034,4,7,7,5418934,12329,12335,0.8826530612244898,1.0,0.8214285714285714
snapkv,128,10,0.0,2785277,277,2,7,7,2785277,15400,15406,0.903061224489796,1.0,0.7857142857142857
snapkv,128,11,0.0,9517169,9516951,3,7,7,9517169,14991,14997,0.8061224489795918,1.0,0.6071428571428571
snapkv,128,12,0.0,7273233,723,2,7,7,7273233,4000,4006,0.6581632653061223,1.0,0.2857142857142857
snapkv,128,13,0.0,6438436,6436,3,7,7,6438436,12039,12045,0.7806122448979593,1.0,0.4642857142857143
snapkv,128,14,0.0,7089806,7086,3,7,7,7089806,7576,7582,0.6785714285714286,1.0,0.42857142857142855
snapkv,128,15,0.0,5041154,504154,4,7,7,5041154,13959,13965,0.7806122448979592,1.0,0.6071428571428571
snapkv,128,16,0.0,9153566,915372,4,7,7,9153566,1719,1725,0.6530612244897959,1.0,0.42857142857142855
snapkv,128,17,0.0,8973915,897,3,7,7,8973915,13527,13533,0.7346938775510204,1.0,0.39285714285714285
snapkv,128,18,0.0,9852897,987,2,7,7,9852897,14947,14953,0.8622448979591838,1.0,0.7857142857142857
snapkv,128,19,0.0,4374754,43754375,3,7,7,4374754,7696,7702,0.7755102040816327,1.0,0.5357142857142857
compactor,128,0,0.0,7700828,777,2,7,7,7700828,8920,8926,0.19897959183673475,1.0,0.10714285714285714
compactor,128,1,0.0,9548432,95,2,7,7,9548432,12162,12168,0.21938775510204087,1.0,0.10714285714285714
compactor,128,2,0.0,2839607,281,2,7,7,2839607,3784,3790,0.19387755102040818,1.0,0.14285714285714285
compactor,128,3,0.0,8082668,888,1,7,7,8082668,14680,14686,0.22448979591836743,1.0,0.10714285714285714
compactor,128,4,0.0,7402509,77,1,7,7,7402509,14680,14686,0.22448979591836737,1.0,0.10714285714285714
compactor,128,5,0.0,5218028,101,0,7,7,5218028,13625,13631,0.1938775510204082,1.0,0.10714285714285714
compactor,128,6,0.0,2921859,29,2,7,7,2921859,13217,13223,0.1683673469387755,1.0,0.10714285714285714
compactor,128,7,0.0,6707197,12345,0,7,7,6707197,2776,2782,0.25510204081632665,1.0,0.07142857142857142
compactor,128,8,0.0,3653446,365,3,7,7,3653446,11178,11184,0.22448979591836735,1.0,0.10714285714285714
compactor,128,9,0.0,5418934,17,0,7,7,5418934,12329,12335,0.20408163265306126,1.0,0.10714285714285714
compactor,128,10,0.0,2785277,27,2,7,7,2785277,15400,15406,0.20408163265306123,1.0,0.10714285714285714
compactor,128,11,0.0,9517169,99,1,7,7,9517169,14991,14997,0.20918367346938777,1.0,0.14285714285714285
compactor,128,12,0.0,7273233,7271,3,7,7,7273233,4000,4006,0.17346938775510207,1.0,0.10714285714285714
compactor,128,13,0.0,6438436,61,1,7,7,6438436,12039,12045,0.16326530612244897,1.0,0.10714285714285714
compactor,128,14,0.0,7089806,72,1,7,7,7089806,7576,7582,0.1785714285714286,1.0,0.10714285714285714
compactor,128,15,0.0,5041154,1,0,7,7,5041154,13959,13965,0.17857142857142863,1.0,0.10714285714285714
compactor,128,16,0.0,9153566,153,0,7,7,9153566,1719,1725,0.2244897959183674,1.0,0.10714285714285714
compactor,128,17,0.0,8973915,83,1,7,7,8973915,13527,13533,0.25,1.0,0.10714285714285714
compactor,128,18,0.0,9852897,999,1,7,7,9852897,14947,14953,0.19387755102040824,1.0,0.07142857142857142
compactor,128,19,0.0,4374754,47,1,7,7,4374754,7696,7702,0.17346938775510207,1.0,0.10714285714285714
pyramidkv,128,0,0.0,7700828,778,2,7,7,7700828,8920,8926,0.7908163265306124,1.0,0.6428571428571429
pyramidkv,128,1,0.0,9548432,953,2,7,7,9548432,12162,12168,0.7551020408163264,1.0,0.5
pyramidkv,128,2,0.0,2839607,2807,2,7,7,2839607,3784,3790,0.5255102040816328,1.0,0.14285714285714285
pyramidkv,128,3,0.0,8082668,8008538,2,7,7,8082668,14680,14686,0.8367346938775511,1.0,0.6785714285714286
pyramidkv,128,4,0.0,7402509,7409911,3,7,7,7402509,14680,14686,0.8010204081632654,1.0,0.6071428571428571
pyramidkv,128,5,0.0,5218028,5208528,2,7,7,5218028,13625,13631,0.7499999999999999,1.0,0.5714285714285714
pyramidkv,128,6,0.0,2921859,2959,2,7,7,2921859,13217,13223,0.8010204081632654,1.0,0.6071428571428571
pyramidkv,128,7,0.0,6707197,671111111,2,7,7,6707197,2776,2782,0.6785714285714285,1.0,0.35714285714285715
pyramidkv,128,8,0.0,3653446,3649364,2,7,7,3653446,11178,11184,0.7857142857142857,1.0,0.5714285714285714
pyramidkv,128,9,0.0,5418934,543210,2,7,7,5418934,12329,12335,0.8418367346938777,1.0,0.75
pyramidkv,128,10,0.0,2785277,277,2,7,7,2785277,15400,15406,0.8316326530612246,1.0,0.6428571428571429
pyramidkv,128,11,0.0,9517169,956,2,7,7,9517169,14991,14997,0.7551020408163265,1.0,0.5
pyramidkv,128,12,0.0,7273233,723,2,7,7,7273233,4000,4006,0.6224489795918366,1.0,0.32142857142857145
pyramidkv,128,13,0.0,6438436,6436436,3,7,7,6438436,12039,12045,0.7704081632653061,1.0,0.5714285714285714
pyramidkv,128,14,0.0,7089806,706,2,7,7,7089806,7576,7582,0.6428571428571427,1.0,0.35714285714285715
pyramidkv,128,15,0.0,5041154,501545,2,7,7,5041154,13959,13965,0.7653061224489794,1.0,0.5714285714285714
pyramidkv,128,16,0.0,9153566,916,2,7,7,9153566,1719,1725,0.5816326530612245,1.0,0.2857142857142857
pyramidkv,128,17,0.0,8973915,8973415,4,7,7,8973915,13527,13533,0.7704081632653061,1.0,0.4642857142857143
pyramidkv,128,18,0.0,9852897,987,2,7,7,9852897,14947,14953,0.836734693877551,1.0,0.7142857142857143
pyramidkv,128,19,0.0,4374754,4357189,2,7,7,4374754,7696,7702,0.7448979591836735,1.0,0.42857142857142855
l2_prefill_only,128,0,100.0,7700828,7700828,7,7,7,7700828,8920,8926,0.7653061224489797,1.0,0.5714285714285714
l2_prefill_only,128,1,100.0,9548432,9548432,7,7,7,9548432,12162,12168,0.7806122448979591,1.0,0.5714285714285714
l2_prefill_only,128,2,100.0,2839607,2839607,7,7,7,2839607,3784,3790,0.7397959183673469,1.0,0.4642857142857143
l2_prefill_only,128,3,100.0,8082668,8082668,7,7,7,8082668,14680,14686,0.7397959183673468,1.0,0.5357142857142857
l2_prefill_only,128,4,100.0,7402509,7402509,7,7,7,7402509,14680,14686,0.7806122448979593,1.0,0.6428571428571429
l2_prefill_only,128,5,100.0,5218028,5218028,7,7,7,5218028,13625,13631,0.7397959183673469,1.0,0.5357142857142857
l2_prefill_only,128,6,100.0,2921859,2921859,7,7,7,2921859,13217,13223,0.7244897959183673,1.0,0.5
l2_prefill_only,128,7,100.0,6707197,6707197,7,7,7,6707197,2776,2782,0.75,1.0,0.5
l2_prefill_only,128,8,100.0,3653446,3653446,7,7,7,3653446,11178,11184,0.7602040816326531,1.0,0.5357142857142857
l2_prefill_only,128,9,100.0,5418934,5418934,7,7,7,5418934,12329,12335,0.7704081632653061,1.0,0.5
l2_prefill_only,128,10,100.0,2785277,2785277,7,7,7,2785277,15400,15406,0.7448979591836735,1.0,0.5
l2_prefill_only,128,11,100.0,9517169,9517169,7,7,7,9517169,14991,14997,0.7397959183673469,1.0,0.5
l2_prefill_only,128,12,100.0,7273233,7273233,7,7,7,7273233,4000,4006,0.7653061224489797,1.0,0.5357142857142857
l2_prefill_only,128,13,100.0,6438436,6438436,7,7,7,6438436,12039,12045,0.8112244897959184,1.0,0.6071428571428571
l2_prefill_only,128,14,100.0,7089806,7089806,7,7,7,7089806,7576,7582,0.7448979591836735,1.0,0.5357142857142857
l2_prefill_only,128,15,100.0,5041154,5041154,7,7,7,5041154,13959,13965,0.8010204081632651,1.0,0.5714285714285714
l2_prefill_only,128,16,100.0,9153566,9153566,7,7,7,9153566,1719,1725,0.7602040816326531,1.0,0.5357142857142857
l2_prefill_only,128,17,100.0,8973915,8973915,7,7,7,8973915,13527,13533,0.8061224489795921,1.0,0.5714285714285714
l2_prefill_only,128,18,100.0,9852897,9852897,7,7,7,9852897,14947,14953,0.7346938775510204,1.0,0.42857142857142855
l2_prefill_only,128,19,100.0,4374754,4374754,7,7,7,4374754,7696,7702,0.7602040816326531,1.0,0.5357142857142857
l2_key_prefill_only,128,0,100.0,7700828,7700828,7,7,7,7700828,8920,8926,0.8520408163265307,1.0,0.4642857142857143
l2_key_prefill_only,128,1,100.0,9548432,9548432,7,7,7,9548432,12162,12168,0.8316326530612247,1.0,0.39285714285714285
l2_key_prefill_only,128,2,100.0,2839607,2839607,7,7,7,2839607,3784,3790,0.8010204081632653,1.0,0.5357142857142857
l2_key_prefill_only,128,3,100.0,8082668,8082668,7,7,7,8082668,14680,14686,0.8520408163265306,1.0,0.42857142857142855
l2_key_prefill_only,128,4,100.0,7402509,7402509,7,7,7,7402509,14680,14686,0.8775510204081636,1.0,0.5714285714285714
l2_key_prefill_only,128,5,100.0,5218028,5218028,7,7,7,5218028,13625,13631,0.8367346938775511,1.0,0.42857142857142855
l2_key_prefill_only,128,6,100.0,2921859,2921859,7,7,7,2921859,13217,13223,0.8112244897959185,1.0,0.39285714285714285
l2_key_prefill_only,128,7,100.0,6707197,6707197,7,7,7,6707197,2776,2782,0.8418367346938778,1.0,0.5357142857142857
l2_key_prefill_only,128,8,100.0,3653446,3653446,7,7,7,3653446,11178,11184,0.8673469387755103,1.0,0.4642857142857143
l2_key_prefill_only,128,9,100.0,5418934,5418934,7,7,7,5418934,12329,12335,0.8826530612244899,1.0,0.4642857142857143
l2_key_prefill_only,128,10,100.0,2785277,2785277,7,7,7,2785277,15400,15406,0.8469387755102042,1.0,0.4642857142857143
l2_key_prefill_only,128,11,100.0,9517169,9517169,7,7,7,9517169,14991,14997,0.8775510204081635,1.0,0.5714285714285714
l2_key_prefill_only,128,12,100.0,7273233,7273233,7,7,7,7273233,4000,4006,0.826530612244898,1.0,0.4642857142857143
l2_key_prefill_only,128,13,100.0,6438436,6438436,7,7,7,6438436,12039,12045,0.8673469387755104,1.0,0.5
l2_key_prefill_only,128,14,100.0,7089806,7089806,7,7,7,7089806,7576,7582,0.8775510204081635,1.0,0.5
l2_key_prefill_only,128,15,100.0,5041154,5041154,7,7,7,5041154,13959,13965,0.8877551020408163,1.0,0.4642857142857143
l2_key_prefill_only,128,16,100.0,9153566,9153566,7,7,7,9153566,1719,1725,0.8877551020408163,1.0,0.6428571428571429
l2_key_prefill_only,128,17,100.0,8973915,8973915,7,7,7,8973915,13527,13533,0.8979591836734696,1.0,0.5
l2_key_prefill_only,128,18,100.0,9852897,9852897,7,7,7,9852897,14947,14953,0.816326530612245,1.0,0.42857142857142855
l2_key_prefill_only,128,19,100.0,4374754,4374754,7,7,7,4374754,7696,7702,0.8673469387755102,1.0,0.5357142857142857
l2_leverage,128,0,100.0,7700828,7700828,7,7,7,7700828,8920,8926,0.14285714285714282,0.42857142857142855,0.0
l2_leverage,128,1,100.0,9548432,9548432,7,7,7,9548432,12162,12168,0.14285714285714282,0.42857142857142855,0.0
l2_leverage,128,2,100.0,2839607,2839607,7,7,7,2839607,3784,3790,0.08163265306122448,0.42857142857142855,0.0
l2_leverage,128,3,100.0,8082668,8082668,7,7,7,8082668,14680,14686,0.12244897959183672,0.5714285714285714,0.0
l2_leverage,128,4,100.0,7402509,7402509,7,7,7,7402509,14680,14686,0.10714285714285712,0.5714285714285714,0.0
l2_leverage,128,5,100.0,5218028,5218028,7,7,7,5218028,13625,13631,0.11224489795918365,0.42857142857142855,0.0
l2_leverage,128,6,100.0,2921859,2921859,7,7,7,2921859,13217,13223,0.12244897959183669,0.42857142857142855,0.0
l2_leverage,128,7,100.0,6707197,6707197,7,7,7,6707197,2776,2782,0.09183673469387753,0.42857142857142855,0.0
l2_leverage,128,8,100.0,3653446,3653446,7,7,7,3653446,11178,11184,0.08673469387755102,0.5714285714285714,0.0
l2_leverage,128,9,100.0,5418934,5418934,7,7,7,5418934,12329,12335,0.10714285714285711,0.2857142857142857,0.0
l2_leverage,128,10,100.0,2785277,2785277,7,7,7,2785277,15400,15406,0.17857142857142855,0.5714285714285714,0.0
l2_leverage,128,11,100.0,9517169,9517169,7,7,7,9517169,14991,14997,0.09693877551020406,0.7142857142857143,0.0
l2_leverage,128,12,100.0,7273233,7273233,7,7,7,7273233,4000,4006,0.09693877551020406,0.42857142857142855,0.0
l2_leverage,128,13,100.0,6438436,6438436,7,7,7,6438436,12039,12045,0.14285714285714282,0.5714285714285714,0.0
l2_leverage,128,14,100.0,7089806,7089806,7,7,7,7089806,7576,7582,0.1581632653061224,0.42857142857142855,0.0
l2_leverage,128,15,100.0,5041154,5041154,7,7,7,5041154,13959,13965,0.12244897959183672,0.42857142857142855,0.0
l2_leverage,128,16,100.0,9153566,9153566,7,7,7,9153566,1719,1725,0.14285714285714282,0.5714285714285714,0.0
l2_leverage,128,17,100.0,8973915,8973915,7,7,7,8973915,13527,13533,0.13265306122448978,0.5714285714285714,0.0
l2_leverage,128,18,100.0,9852897,9852897,7,7,7,9852897,14947,14953,0.08673469387755099,0.42857142857142855,0.0
l2_leverage,128,19,100.0,4374754,4374754,7,7,7,4374754,7696,7702,0.08673469387755099,0.2857142857142857,0.0
l1_prefill_only,128,0,100.0,7700828,7700828,7,7,7,7700828,8920,8926,0.7091836734693879,1.0,0.39285714285714285
l1_prefill_only,128,1,100.0,9548432,9548432,7,7,7,9548432,12162,12168,0.673469387755102,1.0,0.32142857142857145
l1_prefill_only,128,2,100.0,2839607,2839607,7,7,7,2839607,3784,3790,0.6326530612244898,1.0,0.25
l1_prefill_only,128,3,100.0,8082668,8082668,7,7,7,8082668,14680,14686,0.6581632653061223,1.0,0.35714285714285715
l1_prefill_only,128,4,100.0,7402509,7402509,7,7,7,7402509,14680,14686,0.6785714285714286,1.0,0.32142857142857145
l1_prefill_only,128,5,100.0,5218028,5218028,7,7,7,5218028,13625,13631,0.6683673469387754,1.0,0.32142857142857145
l1_prefill_only,128,6,100.0,2921859,2921859,7,7,7,2921859,13217,13223,0.6530612244897959,1.0,0.21428571428571427
l1_prefill_only,128,7,100.0,6707197,6707197,7,7,7,6707197,2776,2782,0.6581632653061227,1.0,0.32142857142857145
l1_prefill_only,128,8,100.0,3653446,3653446,7,7,7,3653446,11178,11184,0.6887755102040817,1.0,0.32142857142857145
l1_prefill_only,128,9,100.0,5418934,5418934,7,7,7,5418934,12329,12335,0.6581632653061226,1.0,0.32142857142857145
l1_prefill_only,128,10,100.0,2785277,2785277,7,7,7,2785277,15400,15406,0.6836734693877551,1.0,0.35714285714285715
l1_prefill_only,128,11,100.0,9517169,9517169,7,7,7,9517169,14991,14997,0.6683673469387755,1.0,0.35714285714285715
l1_prefill_only,128,12,100.0,7273233,7273233,7,7,7,7273233,4000,4006,0.7244897959183675,1.0,0.42857142857142855
l1_prefill_only,128,13,100.0,6438436,6438436,7,7,7,6438436,12039,12045,0.7040816326530611,1.0,0.35714285714285715
l1_prefill_only,128,14,100.0,7089806,7089806,7,7,7,7089806,7576,7582,0.6683673469387754,1.0,0.32142857142857145
l1_prefill_only,128,15,100.0,5041154,5041154,7,7,7,5041154,13959,13965,0.6479591836734694,1.0,0.25
l1_prefill_only,128,16,100.0,9153566,9153566,7,7,7,9153566,1719,1725,0.6734693877551022,1.0,0.35714285714285715
l1_prefill_only,128,17,100.0,8973915,8973915,7,7,7,8973915,13527,13533,0.7295918367346939,1.0,0.4642857142857143
l1_prefill_only,128,18,100.0,9852897,9852897,7,7,7,9852897,14947,14953,0.6122448979591837,1.0,0.07142857142857142
l1_prefill_only,128,19,100.0,4374754,4374754,7,7,7,4374754,7696,7702,0.6989795918367346,1.0,0.5
l1_leverage,128,0,100.0,7700828,7700828,7,7,7,7700828,8920,8926,0.4693877551020408,1.0,0.07142857142857142
l1_leverage,128,1,100.0,9548432,9548432,7,7,7,9548432,12162,12168,0.49489795918367346,1.0,0.07142857142857142
l1_leverage,128,2,100.0,2839607,2839607,7,7,7,2839607,3784,3790,0.413265306122449,1.0,0.14285714285714285
l1_leverage,128,3,100.0,8082668,8082668,7,7,7,8082668,14680,14686,0.4540816326530613,1.0,0.14285714285714285
l1_leverage,128,4,100.0,7402509,7402509,7,7,7,7402509,14680,14686,0.4591836734693878,1.0,0.07142857142857142
l1_leverage,128,5,100.0,5218028,5218028,7,7,7,5218028,13625,13631,0.44387755102040816,1.0,0.07142857142857142
l1_leverage,128,6,100.0,2921859,2921859,7,7,7,2921859,13217,13223,0.4285714285714285,1.0,0.03571428571428571
l1_leverage,128,7,100.0,6707197,6707197,7,7,7,6707197,2776,2782,0.4540816326530612,1.0,0.10714285714285714
l1_leverage,128,8,100.0,3653446,3653446,7,7,7,3653446,11178,11184,0.39795918367346933,0.8571428571428571,0.0
l1_leverage,128,9,100.0,5418934,5418934,7,7,7,5418934,12329,12335,0.4795918367346939,1.0,0.03571428571428571
l1_leverage,128,10,100.0,2785277,2785277,7,7,7,2785277,15400,15406,0.4795918367346939,1.0,0.17857142857142858
l1_leverage,128,11,100.0,9517169,9517169,7,7,7,9517169,14991,14997,0.43367346938775514,1.0,0.14285714285714285
l1_leverage,128,12,100.0,7273233,7273233,7,7,7,7273233,4000,4006,0.44387755102040816,1.0,0.07142857142857142
l1_leverage,128,13,100.0,6438436,6438436,7,7,7,6438436,12039,12045,0.5000000000000001,1.0,0.14285714285714285
l1_leverage,128,14,100.0,7089806,7089806,7,7,7,7089806,7576,7582,0.3979591836734694,1.0,0.14285714285714285
l1_leverage,128,15,100.0,5041154,5041154,7,7,7,5041154,13959,13965,0.44897959183673464,1.0,0.03571428571428571
l1_leverage,128,16,100.0,9153566,9153566,7,7,7,9153566,1719,1725,0.4030612244897958,1.0,0.07142857142857142
l1_leverage,128,17,100.0,8973915,8973915,7,7,7,8973915,13527,13533,0.5,1.0,0.14285714285714285
l1_leverage,128,18,100.0,9852897,9852897,7,7,7,9852897,14947,14953,0.3775510204081632,1.0,0.03571428571428571
l1_leverage,128,19,100.0,4374754,4374754,7,7,7,4374754,7696,7702,0.4540816326530613,1.0,0.07142857142857142
attention_l2,128,0,100.0,7700828,7700828,7,7,7,7700828,8920,8926,0.07653061224489796,0.8571428571428571,0.0
attention_l2,128,1,100.0,9548432,9548432,7,7,7,9548432,12162,12168,0.09183673469387754,1.0,0.03571428571428571
attention_l2,128,2,100.0,2839607,2839607,7,7,7,2839607,3784,3790,0.07142857142857142,0.7142857142857143,0.0
attention_l2,128,3,100.0,8082668,8082668,7,7,7,8082668,14680,14686,0.10714285714285712,1.0,0.03571428571428571
attention_l2,128,4,100.0,7402509,7402509,7,7,7,7402509,14680,14686,0.10714285714285712,0.7142857142857143,0.0
attention_l2,128,5,100.0,5218028,5218028,7,7,7,5218028,13625,13631,0.13265306122448978,1.0,0.03571428571428571
attention_l2,128,6,100.0,2921859,2921859,7,7,7,2921859,13217,13223,0.08673469387755099,0.8571428571428571,0.0
attention_l2,128,7,100.0,6707197,6707197,7,7,7,6707197,2776,2782,0.07653061224489795,0.7142857142857143,0.0
attention_l2,128,8,100.0,3653446,3653446,7,7,7,3653446,11178,11184,0.09693877551020406,0.5714285714285714,0.0
attention_l2,128,9,100.0,5418934,5418934,7,7,7,5418934,12329,12335,0.14285714285714282,1.0,0.03571428571428571
attention_l2,128,10,100.0,2785277,2785277,7,7,7,2785277,15400,15406,0.14795918367346936,0.8571428571428571,0.0
attention_l2,128,11,100.0,9517169,9517169,7,7,7,9517169,14991,14997,0.10714285714285712,1.0,0.03571428571428571
attention_l2,128,12,100.0,7273233,7273233,7,7,7,7273233,4000,4006,0.07142857142857141,0.7142857142857143,0.0
attention_l2,128,13,100.0,6438436,6438436,7,7,7,6438436,12039,12045,0.26530612244897955,1.0,0.07142857142857142
attention_l2,128,14,100.0,7089806,7089806,7,7,7,7089806,7576,7582,0.09693877551020406,0.7142857142857143,0.0
attention_l2,128,15,100.0,5041154,5041154,7,7,7,5041154,13959,13965,0.12244897959183672,0.8571428571428571,0.0
attention_l2,128,16,100.0,9153566,9153566,7,7,7,9153566,1719,1725,0.09693877551020406,1.0,0.03571428571428571
attention_l2,128,17,100.0,8973915,8973915,7,7,7,8973915,13527,13533,0.08673469387755102,0.8571428571428571,0.0
attention_l2,128,18,100.0,9852897,9852897,7,7,7,9852897,14947,14953,0.22448979591836735,1.0,0.03571428571428571
attention_l2,128,19,100.0,4374754,4374754,7,7,7,4374754,7696,7702,0.0510204081632653,0.5714285714285714,0.0
attention_l1,128,0,100.0,7700828,7700828,7,7,7,7700828,8920,8926,0.37755102040816324,1.0,0.07142857142857142
attention_l1,128,1,100.0,9548432,9548432,7,7,7,9548432,12162,12168,0.3265306122448979,0.8571428571428571,0.0
attention_l1,128,2,100.0,2839607,2839607,7,7,7,2839607,3784,3790,0.33163265306122447,1.0,0.03571428571428571
attention_l1,128,3,100.0,8082668,8082668,7,7,7,8082668,14680,14686,0.3571428571428571,1.0,0.10714285714285714
attention_l1,128,4,100.0,7402509,7402509,7,7,7,7402509,14680,14686,0.3775510204081632,1.0,0.10714285714285714
attention_l1,128,5,100.0,5218028,5218028,7,7,7,5218028,13625,13631,0.2755102040816327,1.0,0.03571428571428571
attention_l1,128,6,100.0,2921859,2921859,7,7,7,2921859,13217,13223,0.3775510204081632,1.0,0.03571428571428571
attention_l1,128,7,100.0,6707197,6707197,7,7,7,6707197,2776,2782,0.3520408163265306,1.0,0.07142857142857142
attention_l1,128,8,100.0,3653446,3653446,7,7,7,3653446,11178,11184,0.3418367346938775,1.0,0.03571428571428571
attention_l1,128,9,100.0,5418934,5418934,7,7,7,5418934,12329,12335,0.37755102040816324,1.0,0.03571428571428571
attention_l1,128,10,100.0,2785277,2785277,7,7,7,2785277,15400,15406,0.36734693877551017,1.0,0.07142857142857142
attention_l1,128,11,100.0,9517169,9517169,7,7,7,9517169,14991,14997,0.31632653061224486,1.0,0.03571428571428571
attention_l1,128,12,100.0,7273233,7273233,7,7,7,7273233,4000,4006,0.3520408163265305,1.0,0.03571428571428571
attention_l1,128,13,100.0,6438436,6438436,7,7,7,6438436,12039,12045,0.3775510204081632,1.0,0.07142857142857142
attention_l1,128,14,100.0,7089806,7089806,7,7,7,7089806,7576,7582,0.31122448979591827,1.0,0.07142857142857142
attention_l1,128,15,100.0,5041154,5041154,7,7,7,5041154,13959,13965,0.44387755102040816,1.0,0.03571428571428571
attention_l1,128,16,100.0,9153566,9153566,7,7,7,9153566,1719,1725,0.336734693877551,1.0,0.07142857142857142
attention_l1,128,17,100.0,8973915,8973915,7,7,7,8973915,13527,13533,0.39285714285714285,1.0,0.10714285714285714
attention_l1,128,18,100.0,9852897,9852897,7,7,7,9852897,14947,14953,0.2959183673469388,1.0,0.03571428571428571
attention_l1,128,19,100.0,4374754,4374754,7,7,7,4374754,7696,7702,0.36734693877551017,1.0,0.03571428571428571
full,256,0,100.0,7700828,7700828,7,7,7,7700828,8920,8926,1.0,1.0,1.0
full,256,1,100.0,9548432,9548432,7,7,7,9548432,12162,12168,1.0,1.0,1.0
full,256,2,100.0,2839607,2839607,7,7,7,2839607,3784,3790,1.0,1.0,1.0
full,256,3,100.0,8082668,8082668,7,7,7,8082668,14680,14686,1.0,1.0,1.0
full,256,4,100.0,7402509,7402509,7,7,7,7402509,14680,14686,1.0,1.0,1.0
full,256,5,100.0,5218028,5218028,7,7,7,5218028,13625,13631,1.0,1.0,1.0
full,256,6,100.0,2921859,2921859,7,7,7,2921859,13217,13223,1.0,1.0,1.0
full,256,7,100.0,6707197,6707197,7,7,7,6707197,2776,2782,1.0,1.0,1.0
full,256,8,100.0,3653446,3653446,7,7,7,3653446,11178,11184,1.0,1.0,1.0
full,256,9,100.0,5418934,5418934,7,7,7,5418934,12329,12335,1.0,1.0,1.0
full,256,10,100.0,2785277,2785277,7,7,7,2785277,15400,15406,1.0,1.0,1.0
full,256,11,100.0,9517169,9517169,7,7,7,9517169,14991,14997,1.0,1.0,1.0
full,256,12,100.0,7273233,7273233,7,7,7,7273233,4000,4006,1.0,1.0,1.0
full,256,13,100.0,6438436,6438436,7,7,7,6438436,12039,12045,1.0,1.0,1.0
full,256,14,100.0,7089806,7089806,7,7,7,7089806,7576,7582,1.0,1.0,1.0
full,256,15,100.0,5041154,5041154,7,7,7,5041154,13959,13965,1.0,1.0,1.0
full,256,16,100.0,9153566,9153566,7,7,7,9153566,1719,1725,1.0,1.0,1.0
full,256,17,100.0,8973915,8973915,7,7,7,8973915,13527,13533,1.0,1.0,1.0
full,256,18,100.0,9852897,9852897,7,7,7,9852897,14947,14953,1.0,1.0,1.0
full,256,19,100.0,4374754,4374754,7,7,7,4374754,7696,7702,1.0,1.0,1.0
random,256,0,0.0,7700828,1,0,7,7,7700828,8920,8926,0.00510204081632653,0.14285714285714285,0.0
random,256,1,0.0,9548432,10000000000000000000000000000000000000000000000000000000000000000000000000000000000000000000000000000000000000000000000000000000,0,7,7,9548432,12162,12168,0.01020408163265306,0.14285714285714285,0.0
random,256,2,0.0,2839607,1111111111111111111111111111111111111111111111111111111111111111111111111111111111111111111111111111111111111111111111111111111,0,7,7,2839607,3784,3790,0.015306122448979591,0.14285714285714285,0.0
random,256,3,0.0,8082668,0000000000000000000000000000000000000000000000000000000000000000000000000000000000000000000000000000000000000000000000000000000,0,7,7,8082668,14680,14686,0.015306122448979591,0.14285714285714285,0.0
random,256,4,0.0,7402509,1,0,7,7,7402509,14680,14686,0.015306122448979591,0.14285714285714285,0.0
random,256,5,0.0,5218028,3,0,7,7,5218028,13625,13631,0.01020408163265306,0.14285714285714285,0.0
random,256,6,0.0,2921859,20000000000000000000000000000000000000000000000000000000000000000000000000000000000000000000000000000000000000000000000000000000,1,7,7,2921859,13217,13223,0.00510204081632653,0.14285714285714285,0.0
random,256,7,0.0,6707197,1000000000000000000000000000000000000000000000000000000000000000000000000000000000000000000000000000000000000000000000000000000,0,7,7,6707197,2776,2782,0.015306122448979591,0.2857142857142857,0.0
random,256,8,0.0,3653446,10000000000000000000000000000000000000000000000000000000000000000000000000000000000000000000000000000000000000000000000000000000,0,7,7,3653446,11178,11184,0.02040816326530612,0.14285714285714285,0.0
random,256,9,0.0,5418934,8,0,7,7,5418934,12329,12335,0.015306122448979591,0.2857142857142857,0.0
random,256,10,0.0,2785277,1,0,7,7,2785277,15400,15406,0.01020408163265306,0.14285714285714285,0.0
random,256,11,0.0,9517169,1,0,7,7,9517169,14991,14997,0.00510204081632653,0.14285714285714285,0.0
random,256,12,0.0,7273233,1000000000000000000000000000000000000000000000000000000000000000000000000000000000000000000000000000000000000000000000000000000,0,7,7,7273233,4000,4006,0.00510204081632653,0.14285714285714285,0.0
random,256,13,0.0,6438436,0,0,7,7,6438436,12039,12045,0.00510204081632653,0.14285714285714285,0.0
random,256,14,0.0,7089806,1,0,7,7,7089806,7576,7582,0.01020408163265306,0.14285714285714285,0.0
random,256,15,0.0,5041154,1,0,7,7,5041154,13959,13965,0.00510204081632653,0.14285714285714285,0.0
random,256,16,0.0,9153566,1,0,7,7,9153566,1719,1725,0.00510204081632653,0.14285714285714285,0.0
random,256,17,0.0,8973915,00000000000000000000000000000000000000000000000000000000000000000000000000000000000000000000000000000000000000000000000000000000,0,7,7,8973915,13527,13533,0.00510204081632653,0.14285714285714285,0.0
random,256,18,0.0,9852897,00000000000000000000000000000000000000000000000000000000000000000000000000000000000000000000000000000000000000000000000000000000,0,7,7,9852897,14947,14953,0.00510204081632653,0.14285714285714285,0.0
random,256,19,0.0,4374754,1,0,7,7,4374754,7696,7702,0.01020408163265306,0.14285714285714285,0.0
recency,256,0,0.0,7700828,10,0,7,7,7700828,8920,8926,0.0,0.0,0.0
recency,256,1,0.0,9548432,13,0,7,7,9548432,12162,12168,0.0,0.0,0.0
recency,256,2,0.0,2839607,17,0,7,7,2839607,3784,3790,0.0,0.0,0.0
recency,256,3,0.0,8082668,13,0,7,7,8082668,14680,14686,0.0,0.0,0.0
recency,256,4,0.0,7402509,13,0,7,7,7402509,14680,14686,0.0,0.0,0.0
recency,256,5,0.0,5218028,13,0,7,7,5218028,13625,13631,0.0,0.0,0.0
recency,256,6,0.0,2921859,10,0,7,7,2921859,13217,13223,0.0,0.0,0.0
recency,256,7,0.0,6707197,10,0,7,7,6707197,2776,2782,0.0,0.0,0.0
recency,256,8,0.0,3653446,10,0,7,7,3653446,11178,11184,0.0,0.0,0.0
recency,256,9,0.0,5418934,10,0,7,7,5418934,12329,12335,0.0,0.0,0.0
recency,256,10,0.0,2785277,42,0,7,7,2785277,15400,15406,0.0,0.0,0.0
recency,256,11,0.0,9517169,10,0,7,7,9517169,14991,14997,0.0,0.0,0.0
recency,256,12,0.0,7273233,13,0,7,7,7273233,4000,4006,0.0,0.0,0.0
recency,256,13,0.0,6438436,10,0,7,7,6438436,12039,12045,0.0,0.0,0.0
recency,256,14,0.0,7089806,13,0,7,7,7089806,7576,7582,0.0,0.0,0.0
recency,256,15,0.0,5041154,10,0,7,7,5041154,13959,13965,0.0,0.0,0.0
recency,256,16,0.0,9153566,10,0,7,7,9153566,1719,1725,0.0,0.0,0.0
recency,256,17,0.0,8973915,13,0,7,7,8973915,13527,13533,0.0,0.0,0.0
recency,256,18,0.0,9852897,13,0,7,7,9852897,14947,14953,0.0,0.0,0.0
recency,256,19,0.0,4374754,10,0,7,7,4374754,7696,7702,0.0,0.0,0.0
sink_recent,256,0,0.0,7700828,10,0,7,7,7700828,8920,8926,0.0,0.0,0.0
sink_recent,256,1,0.0,9548432,13,0,7,7,9548432,12162,12168,0.0,0.0,0.0
sink_recent,256,2,0.0,2839607,13,0,7,7,2839607,3784,3790,0.0,0.0,0.0
sink_recent,256,3,0.0,8082668,13,0,7,7,8082668,14680,14686,0.0,0.0,0.0
sink_recent,256,4,0.0,7402509,10,0,7,7,7402509,14680,14686,0.0,0.0,0.0
sink_recent,256,5,0.0,5218028,13,0,7,7,5218028,13625,13631,0.0,0.0,0.0
sink_recent,256,6,0.0,2921859,10,0,7,7,2921859,13217,13223,0.0,0.0,0.0
sink_recent,256,7,0.0,6707197,10,0,7,7,6707197,2776,2782,0.0,0.0,0.0
sink_recent,256,8,0.0,3653446,13,0,7,7,3653446,11178,11184,0.0,0.0,0.0
sink_recent,256,9,0.0,5418934,13,0,7,7,5418934,12329,12335,0.0,0.0,0.0
sink_recent,256,10,0.0,2785277,42,0,7,7,2785277,15400,15406,0.0,0.0,0.0
sink_recent,256,11,0.0,9517169,10,0,7,7,9517169,14991,14997,0.0,0.0,0.0
sink_recent,256,12,0.0,7273233,13,0,7,7,7273233,4000,4006,0.0,0.0,0.0
sink_recent,256,13,0.0,6438436,13,0,7,7,6438436,12039,12045,0.0,0.0,0.0
sink_recent,256,14,0.0,7089806,13,0,7,7,7089806,7576,7582,0.0,0.0,0.0
sink_recent,256,15,0.0,5041154,13,0,7,7,5041154,13959,13965,0.0,0.0,0.0
sink_recent,256,16,0.0,9153566,13,0,7,7,9153566,1719,1725,0.0,0.0,0.0
sink_recent,256,17,0.0,8973915,13,0,7,7,8973915,13527,13533,0.0,0.0,0.0
sink_recent,256,18,0.0,9852897,100,0,7,7,9852897,14947,14953,0.0,0.0,0.0
sink_recent,256,19,0.0,4374754,10,0,7,7,4374754,7696,7702,0.0,0.0,0.0
attention,256,0,100.0,7700828,7700828,7,7,7,7700828,8920,8926,0.7244897959183675,1.0,0.32142857142857145
attention,256,1,100.0,9548432,9548432,7,7,7,9548432,12162,12168,0.7755102040816328,1.0,0.5357142857142857
attention,256,2,100.0,2839607,2839607,7,7,7,2839607,3784,3790,0.5612244897959183,1.0,0.25
attention,256,3,100.0,8082668,8082668,7,7,7,8082668,14680,14686,0.8112244897959184,1.0,0.6785714285714286
attention,256,4,100.0,7402509,7402509,7,7,7,7402509,14680,14686,0.7959183673469389,1.0,0.6428571428571429
attention,256,5,100.0,5218028,5218028,7,7,7,5218028,13625,13631,0.7397959183673469,1.0,0.5
attention,256,6,100.0,2921859,2921859,7,7,7,2921859,13217,13223,0.7908163265306122,1.0,0.5714285714285714
attention,256,7,0.0,6707197,670719,6,7,7,6707197,2776,2782,0.6326530612244898,1.0,0.2857142857142857
attention,256,8,100.0,3653446,3653446,7,7,7,3653446,11178,11184,0.7091836734693878,1.0,0.4642857142857143
attention,256,9,100.0,5418934,5418934,7,7,7,5418934,12329,12335,0.8214285714285715,1.0,0.6071428571428571
attention,256,10,100.0,2785277,2785277,7,7,7,2785277,15400,15406,0.8520408163265306,1.0,0.7142857142857143
attention,256,11,100.0,9517169,9517169,7,7,7,9517169,14991,14997,0.7857142857142858,1.0,0.5714285714285714
attention,256,12,0.0,7273233,72732,5,7,7,7273233,4000,4006,0.5663265306122448,1.0,0.03571428571428571
attention,256,13,100.0,6438436,6438436,7,7,7,6438436,12039,12045,0.7602040816326532,1.0,0.39285714285714285
attention,256,14,100.0,7089806,7089806,7,7,7,7089806,7576,7582,0.6785714285714286,1.0,0.35714285714285715
attention,256,15,100.0,5041154,5041154,7,7,7,5041154,13959,13965,0.7551020408163266,1.0,0.42857142857142855
attention,256,16,0.0,9153566,915356,6,7,7,9153566,1719,1725,0.4948979591836734,1.0,0.10714285714285714
attention,256,17,0.0,8973915,897391,6,7,7,8973915,13527,13533,0.729591836734694,1.0,0.2857142857142857
attention,256,18,100.0,9852897,9852897,7,7,7,9852897,14947,14953,0.7346938775510203,1.0,0.5
attention,256,19,100.0,4374754,4374754,7,7,7,4374754,7696,7702,0.7499999999999999,1.0,0.5357142857142857
snapkv,256,0,100.0,7700828,7700828,7,7,7,7700828,8920,8926,0.9132653061224489,1.0,0.8928571428571429
snapkv,256,1,0.0,9548432,954832,4,7,7,9548432,12162,12168,0.9285714285714286,1.0,0.9285714285714286
snapkv,256,2,0.0,2839607,2839076,4,7,7,2839607,3784,3790,0.8877551020408163,1.0,0.7857142857142857
snapkv,256,3,0.0,8082668,8088668,3,7,7,8082668,14680,14686,0.9285714285714286,1.0,0.9285714285714286
snapkv,256,4,0.0,7402509,7409090,3,7,7,7402509,14680,14686,0.9285714285714286,1.0,0.9285714285714286
snapkv,256,5,100.0,5218028,5218028,7,7,7,5218028,13625,13631,0.923469387755102,1.0,0.8928571428571429
snapkv,256,6,100.0,2921859,2921859,7,7,7,2921859,13217,13223,0.9285714285714286,1.0,0.9285714285714286
snapkv,256,7,100.0,6707197,6707197,7,7,7,6707197,2776,2782,0.9030612244897959,1.0,0.8928571428571429
snapkv,256,8,100.0,3653446,3653446,7,7,7,3653446,11178,11184,0.9285714285714286,1.0,0.9285714285714286
snapkv,256,9,100.0,5418934,5418934,7,7,7,5418934,12329,12335,0.9387755102040816,1.0,0.9285714285714286
snapkv,256,10,0.0,2785277,2785777,4,7,7,2785277,15400,15406,0.9591836734693878,1.0,0.9285714285714286
snapkv,256,11,0.0,9517169,9516969,3,7,7,9517169,14991,14997,0.9336734693877551,1.0,0.9285714285714286
snapkv,256,12,0.0,7273233,72733,4,7,7,7273233,4000,4006,0.9081632653061226,1.0,0.8571428571428571
snapkv,256,13,0.0,6438436,6438,4,7,7,6438436,12039,12045,0.9387755102040816,1.0,0.9285714285714286
snapkv,256,14,0.0,7089806,7089606,4,7,7,7089806,7576,7582,0.9132653061224489,1.0,0.8571428571428571
snapkv,256,15,0.0,5041154,5041504,4,7,7,5041154,13959,13965,0.9285714285714286,1.0,0.9285714285714286
snapkv,256,16,0.0,9153566,915366,4,7,7,9153566,1719,1725,0.8673469387755102,1.0,0.8214285714285714
snapkv,256,17,0.0,8973915,897,3,7,7,8973915,13527,13533,0.923469387755102,1.0,0.8928571428571429
snapkv,256,18,0.0,9852897,985797,3,7,7,9852897,14947,14953,0.9285714285714286,1.0,0.9285714285714286
snapkv,256,19,100.0,4374754,4374754,7,7,7,4374754,7696,7702,0.9285714285714286,1.0,0.9285714285714286
compactor,256,0,0.0,7700828,701,1,7,7,7700828,8920,8926,0.41326530612244905,1.0,0.2857142857142857
compactor,256,1,0.0,9548432,951,2,7,7,9548432,12162,12168,0.36224489795918363,1.0,0.25
compactor,256,2,0.0,2839607,2833,3,7,7,2839607,3784,3790,0.3724489795918367,1.0,0.25
compactor,256,3,0.0,8082668,808,3,7,7,8082668,14680,14686,0.42857142857142855,1.0,0.21428571428571427
compactor,256,4,0.0,7402509,777,1,7,7,7402509,14680,14686,0.42346938775510196,1.0,0.2857142857142857
compactor,256,5,0.0,5218028,512,1,7,7,5218028,13625,13631,0.37244897959183676,1.0,0.21428571428571427
compactor,256,6,0.0,2921859,29,2,7,7,2921859,13217,13223,0.3622448979591836,1.0,0.25
compactor,256,7,0.0,6707197,6611,1,7,7,6707197,2776,2782,0.4387755102040816,1.0,0.21428571428571427
compactor,256,8,0.0,3653446,365,3,7,7,3653446,11178,11184,0.45918367346938777,1.0,0.25
compactor,256,9,0.0,5418934,151,0,7,7,5418934,12329,12335,0.35714285714285715,1.0,0.21428571428571427
compactor,256,10,0.0,2785277,27,2,7,7,2785277,15400,15406,0.3367346938775509,1.0,0.21428571428571427
compactor,256,11,0.0,9517169,951,3,7,7,9517169,14991,14997,0.33673469387755095,1.0,0.25
compactor,256,12,0.0,7273233,7272,3,7,7,7273233,4000,4006,0.3979591836734694,1.0,0.21428571428571427
compactor,256,13,0.0,6438436,601,1,7,7,6438436,12039,12045,0.3316326530612244,1.0,0.21428571428571427
compactor,256,14,0.0,7089806,7911,1,7,7,7089806,7576,7582,0.3673469387755102,1.0,0.25
compactor,256,15,0.0,5041154,5041,4,7,7,5041154,13959,13965,0.38265306122448967,1.0,0.25
compactor,256,16,0.0,9153566,9153,4,7,7,9153566,1719,1725,0.40306122448979587,1.0,0.25
compactor,256,17,0.0,8973915,837,1,7,7,8973915,13527,13533,0.44897959183673475,1.0,0.25
compactor,256,18,0.0,9852897,918,1,7,7,9852897,14947,14953,0.3724489795918366,1.0,0.25
compactor,256,19,0.0,4374754,437,3,7,7,4374754,7696,7702,0.34693877551020397,1.0,0.21428571428571427
pyramidkv,256,0,0.0,7700828,770828,3,7,7,7700828,8920,8926,0.8775510204081634,1.0,0.7857142857142857
pyramidkv,256,1,0.0,9548432,95432,3,7,7,9548432,12162,12168,0.8826530612244898,1.0,0.8214285714285714
pyramidkv,256,2,0.0,2839607,2839070,4,7,7,2839607,3784,3790,0.826530612244898,1.0,0.6785714285714286
pyramidkv,256,3,0.0,8082668,8088,3,7,7,8082668,14680,14686,0.903061224489796,1.0,0.8214285714285714
pyramidkv,256,4,0.0,7402509,7409,3,7,7,7402509,14680,14686,0.903061224489796,1.0,0.8214285714285714
pyramidkv,256,5,0.0,5218028,521028,3,7,7,5218028,13625,13631,0.8979591836734694,1.0,0.8571428571428571
pyramidkv,256,6,0.0,2921859,29215959,4,7,7,2921859,13217,13223,0.8928571428571429,1.0,0.8214285714285714
pyramidkv,256,7,0.0,6707197,6707919,4,7,7,6707197,2776,2782,0.8520408163265306,1.0,0.75
pyramidkv,256,8,100.0,3653446,3653446,7,7,7,3653446,11178,11184,0.8826530612244898,1.0,0.8214285714285714
pyramidkv,256,9,0.0,5418934,5418341,4,7,7,5418934,12329,12335,0.9081632653061223,1.0,0.8214285714285714
pyramidkv,256,10,0.0,2785277,2777277,2,7,7,2785277,15400,15406,0.9336734693877551,1.0,0.8214285714285714
pyramidkv,256,11,0.0,9517169,9516969,3,7,7,9517169,14991,14997,0.903061224489796,1.0,0.7857142857142857
pyramidkv,256,12,0.0,7273233,727,3,7,7,7273233,4000,4006,0.8316326530612246,1.0,0.6785714285714286
pyramidkv,256,13,0.0,6438436,6436436,3,7,7,6438436,12039,12045,0.8979591836734694,1.0,0.8214285714285714
pyramidkv,256,14,0.0,7089806,70806080,3,7,7,7089806,7576,7582,0.8673469387755103,1.0,0.75
pyramidkv,256,15,0.0,5041154,5041504,4,7,7,5041154,13959,13965,0.8826530612244898,1.0,0.7857142857142857
pyramidkv,256,16,0.0,9153566,915366,4,7,7,9153566,1719,1725,0.8214285714285715,1.0,0.7142857142857143
pyramidkv,256,17,0.0,8973915,897,3,7,7,8973915,13527,13533,0.8775510204081634,1.0,0.7857142857142857
pyramidkv,256,18,0.0,9852897,9857979,3,7,7,9852897,14947,14953,0.8826530612244898,1.0,0.7857142857142857
pyramidkv,256,19,0.0,4374754,43754,3,7,7,4374754,7696,7702,0.8877551020408163,1.0,0.8214285714285714
l2_prefill_only,256,0,100.0,7700828,7700828,7,7,7,7700828,8920,8926,0.9642857142857143,1.0,0.9642857142857143
l2_prefill_only,256,1,100.0,9548432,9548432,7,7,7,9548432,12162,12168,0.9642857142857143,1.0,0.9642857142857143
l2_prefill_only,256,2,100.0,2839607,2839607,7,7,7,2839607,3784,3790,0.9387755102040816,1.0,0.8928571428571429
l2_prefill_only,256,3,100.0,8082668,8082668,7,7,7,8082668,14680,14686,0.9591836734693878,1.0,0.9285714285714286
l2_prefill_only,256,4,100.0,7402509,7402509,7,7,7,7402509,14680,14686,0.9591836734693878,1.0,0.9285714285714286
l2_prefill_only,256,5,100.0,5218028,5218028,7,7,7,5218028,13625,13631,0.9387755102040817,1.0,0.8214285714285714
l2_prefill_only,256,6,100.0,2921859,2921859,7,7,7,2921859,13217,13223,0.9540816326530612,1.0,0.8928571428571429
l2_prefill_only,256,7,100.0,6707197,6707197,7,7,7,6707197,2776,2782,0.9744897959183673,1.0,0.9642857142857143
l2_prefill_only,256,8,100.0,3653446,3653446,7,7,7,3653446,11178,11184,0.9591836734693878,1.0,0.8571428571428571
l2_prefill_only,256,9,100.0,5418934,5418934,7,7,7,5418934,12329,12335,0.9540816326530612,1.0,0.8928571428571429
l2_prefill_only,256,10,100.0,2785277,2785277,7,7,7,2785277,15400,15406,0.9591836734693878,1.0,0.8928571428571429
l2_prefill_only,256,11,100.0,9517169,9517169,7,7,7,9517169,14991,14997,0.9591836734693878,1.0,0.9285714285714286
l2_prefill_only,256,12,100.0,7273233,7273233,7,7,7,7273233,4000,4006,0.9693877551020408,1.0,0.9285714285714286
l2_prefill_only,256,13,100.0,6438436,6438436,7,7,7,6438436,12039,12045,0.9744897959183673,1.0,0.9285714285714286
l2_prefill_only,256,14,100.0,7089806,7089806,7,7,7,7089806,7576,7582,0.9438775510204082,1.0,0.9285714285714286
l2_prefill_only,256,15,100.0,5041154,5041154,7,7,7,5041154,13959,13965,0.9642857142857143,1.0,0.9285714285714286
l2_prefill_only,256,16,100.0,9153566,9153566,7,7,7,9153566,1719,1725,0.9489795918367347,1.0,0.8928571428571429
l2_prefill_only,256,17,100.0,8973915,8973915,7,7,7,8973915,13527,13533,0.9744897959183673,1.0,0.9642857142857143
l2_prefill_only,256,18,100.0,9852897,9852897,7,7,7,9852897,14947,14953,0.9540816326530612,1.0,0.9285714285714286
l2_prefill_only,256,19,100.0,4374754,4374754,7,7,7,4374754,7696,7702,0.9489795918367347,1.0,0.8571428571428571
l2_key_prefill_only,256,0,100.0,7700828,7700828,7,7,7,7700828,8920,8926,0.9948979591836735,1.0,0.9642857142857143
l2_key_prefill_only,256,1,100.0,9548432,9548432,7,7,7,9548432,12162,12168,0.9846938775510204,1.0,0.9285714285714286
l2_key_prefill_only,256,2,100.0,2839607,2839607,7,7,7,2839607,3784,3790,0.9897959183673469,1.0,0.9285714285714286
l2_key_prefill_only,256,3,100.0,8082668,8082668,7,7,7,8082668,14680,14686,0.9948979591836735,1.0,0.9642857142857143
l2_key_prefill_only,256,4,100.0,7402509,7402509,7,7,7,7402509,14680,14686,0.9948979591836735,1.0,0.9642857142857143
l2_key_prefill_only,256,5,100.0,5218028,5218028,7,7,7,5218028,13625,13631,0.9948979591836735,1.0,0.9642857142857143
l2_key_prefill_only,256,6,100.0,2921859,2921859,7,7,7,2921859,13217,13223,0.9846938775510204,1.0,0.9285714285714286
l2_key_prefill_only,256,7,100.0,6707197,6707197,7,7,7,6707197,2776,2782,1.0,1.0,1.0
l2_key_prefill_only,256,8,100.0,3653446,3653446,7,7,7,3653446,11178,11184,0.9948979591836735,1.0,0.9642857142857143
l2_key_prefill_only,256,9,100.0,5418934,5418934,7,7,7,5418934,12329,12335,0.9948979591836735,1.0,0.9642857142857143
l2_key_prefill_only,256,10,100.0,2785277,2785277,7,7,7,2785277,15400,15406,0.9948979591836735,1.0,0.9642857142857143
l2_key_prefill_only,256,11,100.0,9517169,9517169,7,7,7,9517169,14991,14997,1.0,1.0,1.0
l2_key_prefill_only,256,12,100.0,7273233,7273233,7,7,7,7273233,4000,4006,1.0,1.0,1.0
l2_key_prefill_only,256,13,100.0,6438436,6438436,7,7,7,6438436,12039,12045,0.9948979591836735,1.0,0.9642857142857143
l2_key_prefill_only,256,14,100.0,7089806,7089806,7,7,7,7089806,7576,7582,1.0,1.0,1.0
l2_key_prefill_only,256,15,100.0,5041154,5041154,7,7,7,5041154,13959,13965,0.9948979591836735,1.0,0.9642857142857143
l2_key_prefill_only,256,16,100.0,9153566,9153566,7,7,7,9153566,1719,1725,0.9948979591836735,1.0,0.9642857142857143
l2_key_prefill_only,256,17,100.0,8973915,8973915,7,7,7,8973915,13527,13533,1.0,1.0,1.0
l2_key_prefill_only,256,18,100.0,9852897,9852897,7,7,7,9852897,14947,14953,0.9846938775510204,1.0,0.8928571428571429
l2_key_prefill_only,256,19,100.0,4374754,4374754,7,7,7,4374754,7696,7702,1.0,1.0,1.0
l2_leverage,256,0,100.0,7700828,7700828,7,7,7,7700828,8920,8926,0.836734693877551,1.0,0.5714285714285714
l2_leverage,256,1,100.0,9548432,9548432,7,7,7,9548432,12162,12168,0.826530612244898,1.0,0.6071428571428571
l2_leverage,256,2,100.0,2839607,2839607,7,7,7,2839607,3784,3790,0.7653061224489797,1.0,0.5
l2_leverage,256,3,100.0,8082668,8082668,7,7,7,8082668,14680,14686,0.8112244897959183,1.0,0.5714285714285714
l2_leverage,256,4,100.0,7402509,7402509,7,7,7,7402509,14680,14686,0.8316326530612245,1.0,0.6428571428571429
l2_leverage,256,5,100.0,5218028,5218028,7,7,7,5218028,13625,13631,0.8112244897959184,1.0,0.5714285714285714
l2_leverage,256,6,100.0,2921859,2921859,7,7,7,2921859,13217,13223,0.7755102040816327,1.0,0.5357142857142857
l2_leverage,256,7,100.0,6707197,6707197,7,7,7,6707197,2776,2782,0.8316326530612246,1.0,0.5714285714285714
l2_leverage,256,8,100.0,3653446,3653446,7,7,7,3653446,11178,11184,0.8571428571428571,1.0,0.6071428571428571
l2_leverage,256,9,100.0,5418934,5418934,7,7,7,5418934,12329,12335,0.8571428571428571,1.0,0.6785714285714286
l2_leverage,256,10,100.0,2785277,2785277,7,7,7,2785277,15400,15406,0.8520408163265306,1.0,0.6785714285714286
l2_leverage,256,11,100.0,9517169,9517169,7,7,7,9517169,14991,14997,0.8316326530612244,1.0,0.6071428571428571
l2_leverage,256,12,100.0,7273233,7273233,7,7,7,7273233,4000,4006,0.8418367346938777,1.0,0.5
l2_leverage,256,13,100.0,6438436,6438436,7,7,7,6438436,12039,12045,0.8418367346938774,1.0,0.5357142857142857
l2_leverage,256,14,100.0,7089806,7089806,7,7,7,7089806,7576,7582,0.7755102040816327,1.0,0.5
l2_leverage,256,15,100.0,5041154,5041154,7,7,7,5041154,13959,13965,0.8622448979591837,1.0,0.6071428571428571
l2_leverage,256,16,100.0,9153566,9153566,7,7,7,9153566,1719,1725,0.8214285714285714,1.0,0.5
l2_leverage,256,17,100.0,8973915,8973915,7,7,7,8973915,13527,13533,0.8571428571428571,1.0,0.5714285714285714
l2_leverage,256,18,100.0,9852897,9852897,7,7,7,9852897,14947,14953,0.8316326530612246,1.0,0.5
l2_leverage,256,19,100.0,4374754,4374754,7,7,7,4374754,7696,7702,0.8214285714285714,1.0,0.5714285714285714
l1_prefill_only,256,0,100.0,7700828,7700828,7,7,7,7700828,8920,8926,0.8928571428571429,1.0,0.8214285714285714
l1_prefill_only,256,1,100.0,9548432,9548432,7,7,7,9548432,12162,12168,0.8724489795918368,1.0,0.6428571428571429
l1_prefill_only,256,2,100.0,2839607,2839607,7,7,7,2839607,3784,3790,0.8265306122448981,1.0,0.6071428571428571
l1_prefill_only,256,3,100.0,8082668,8082668,7,7,7,8082668,14680,14686,0.9030612244897959,1.0,0.7142857142857143
l1_prefill_only,256,4,100.0,7402509,7402509,7,7,7,7402509,14680,14686,0.8775510204081634,1.0,0.6785714285714286
l1_prefill_only,256,5,100.0,5218028,5218028,7,7,7,5218028,13625,13631,0.8214285714285715,1.0,0.4642857142857143
l1_prefill_only,256,6,100.0,2921859,2921859,7,7,7,2921859,13217,13223,0.8622448979591838,1.0,0.75
l1_prefill_only,256,7,100.0,6707197,6707197,7,7,7,6707197,2776,2782,0.8877551020408163,1.0,0.6785714285714286
l1_prefill_only,256,8,100.0,3653446,3653446,7,7,7,3653446,11178,11184,0.8724489795918368,1.0,0.6785714285714286
l1_prefill_only,256,9,100.0,5418934,5418934,7,7,7,5418934,12329,12335,0.8775510204081634,1.0,0.75
l1_prefill_only,256,10,100.0,2785277,2785277,7,7,7,2785277,15400,15406,0.8520408163265306,1.0,0.6428571428571429
l1_prefill_only,256,11,100.0,9517169,9517169,7,7,7,9517169,14991,14997,0.8673469387755102,1.0,0.6785714285714286
l1_prefill_only,256,12,100.0,7273233,7273233,7,7,7,7273233,4000,4006,0.8673469387755102,1.0,0.8214285714285714
l1_prefill_only,256,13,100.0,6438436,6438436,7,7,7,6438436,12039,12045,0.8928571428571429,1.0,0.7857142857142857
l1_prefill_only,256,14,100.0,7089806,7089806,7,7,7,7089806,7576,7582,0.8622448979591838,1.0,0.6428571428571429
l1_prefill_only,256,15,100.0,5041154,5041154,7,7,7,5041154,13959,13965,0.8826530612244898,1.0,0.7142857142857143
l1_prefill_only,256,16,100.0,9153566,9153566,7,7,7,9153566,1719,1725,0.8520408163265307,1.0,0.6428571428571429
l1_prefill_only,256,17,100.0,8973915,8973915,7,7,7,8973915,13527,13533,0.8826530612244898,1.0,0.75
l1_prefill_only,256,18,100.0,9852897,9852897,7,7,7,9852897,14947,14953,0.8418367346938777,1.0,0.5357142857142857
l1_prefill_only,256,19,100.0,4374754,4374754,7,7,7,4374754,7696,7702,0.8928571428571429,1.0,0.75
l1_leverage,256,0,100.0,7700828,7700828,7,7,7,7700828,8920,8926,0.8418367346938774,1.0,0.6071428571428571
l1_leverage,256,1,100.0,9548432,9548432,7,7,7,9548432,12162,12168,0.8214285714285714,1.0,0.5
l1_leverage,256,2,100.0,2839607,2839607,7,7,7,2839607,3784,3790,0.7959183673469389,1.0,0.5357142857142857
l1_leverage,256,3,100.0,8082668,8082668,7,7,7,8082668,14680,14686,0.8826530612244898,1.0,0.7142857142857143
l1_leverage,256,4,100.0,7402509,7402509,7,7,7,7402509,14680,14686,0.8673469387755103,1.0,0.6428571428571429
l1_leverage,256,5,100.0,5218028,5218028,7,7,7,5218028,13625,13631,0.7857142857142858,1.0,0.39285714285714285
l1_leverage,256,6,100.0,2921859,2921859,7,7,7,2921859,13217,13223,0.8316326530612246,1.0,0.7142857142857143
l1_leverage,256,7,100.0,6707197,6707197,7,7,7,6707197,2776,2782,0.8214285714285714,1.0,0.6071428571428571
l1_leverage,256,8,100.0,3653446,3653446,7,7,7,3653446,11178,11184,0.8214285714285713,1.0,0.6071428571428571
l1_leverage,256,9,100.0,5418934,5418934,7,7,7,5418934,12329,12335,0.8520408163265307,1.0,0.6428571428571429
l1_leverage,256,10,100.0,2785277,2785277,7,7,7,2785277,15400,15406,0.8061224489795918,1.0,0.5357142857142857
l1_leverage,256,11,100.0,9517169,9517169,7,7,7,9517169,14991,14997,0.846938775510204,1.0,0.6428571428571429
l1_leverage,256,12,100.0,7273233,7273233,7,7,7,7273233,4000,4006,0.8622448979591837,1.0,0.7857142857142857
l1_leverage,256,13,100.0,6438436,6438436,7,7,7,6438436,12039,12045,0.846938775510204,1.0,0.6428571428571429
l1_leverage,256,14,100.0,7089806,7089806,7,7,7,7089806,7576,7582,0.8214285714285714,1.0,0.5714285714285714
l1_leverage,256,15,100.0,5041154,5041154,7,7,7,5041154,13959,13965,0.8265306122448981,1.0,0.4642857142857143
l1_leverage,256,16,100.0,9153566,9153566,7,7,7,9153566,1719,1725,0.8316326530612246,1.0,0.5714285714285714
l1_leverage,256,17,100.0,8973915,8973915,7,7,7,8973915,13527,13533,0.8469387755102042,1.0,0.6428571428571429
l1_leverage,256,18,100.0,9852897,9852897,7,7,7,9852897,14947,14953,0.8061224489795921,1.0,0.5
l1_leverage,256,19,100.0,4374754,4374754,7,7,7,4374754,7696,7702,0.8520408163265306,1.0,0.6428571428571429
attention_l2,256,0,100.0,7700828,7700828,7,7,7,7700828,8920,8926,0.7295918367346939,1.0,0.25
attention_l2,256,1,100.0,9548432,9548432,7,7,7,9548432,12162,12168,0.7551020408163264,1.0,0.5
attention_l2,256,2,100.0,2839607,2839607,7,7,7,2839607,3784,3790,0.6479591836734693,1.0,0.39285714285714285
attention_l2,256,3,100.0,8082668,8082668,7,7,7,8082668,14680,14686,0.7908163265306122,1.0,0.5
attention_l2,256,4,100.0,7402509,7402509,7,7,7,7402509,14680,14686,0.7806122448979592,1.0,0.5357142857142857
attention_l2,256,5,100.0,5218028,5218028,7,7,7,5218028,13625,13631,0.7551020408163266,1.0,0.5
attention_l2,256,6,100.0,2921859,2921859,7,7,7,2921859,13217,13223,0.642857142857143,1.0,0.21428571428571427
attention_l2,256,7,100.0,6707197,6707197,7,7,7,6707197,2776,2782,0.75,1.0,0.39285714285714285
attention_l2,256,8,100.0,3653446,3653446,7,7,7,3653446,11178,11184,0.7551020408163264,1.0,0.39285714285714285
attention_l2,256,9,100.0,5418934,5418934,7,7,7,5418934,12329,12335,0.8010204081632655,1.0,0.42857142857142855
attention_l2,256,10,100.0,2785277,2785277,7,7,7,2785277,15400,15406,0.7755102040816327,1.0,0.42857142857142855
attention_l2,256,11,100.0,9517169,9517169,7,7,7,9517169,14991,14997,0.7500000000000001,1.0,0.5
attention_l2,256,12,100.0,7273233,7273233,7,7,7,7273233,4000,4006,0.7448979591836736,1.0,0.35714285714285715
attention_l2,256,13,100.0,6438436,6438436,7,7,7,6438436,12039,12045,0.7397959183673468,1.0,0.32142857142857145
attention_l2,256,14,100.0,7089806,7089806,7,7,7,7089806,7576,7582,0.75,1.0,0.5
attention_l2,256,15,100.0,5041154,5041154,7,7,7,5041154,13959,13965,0.7857142857142857,1.0,0.39285714285714285
attention_l2,256,16,100.0,9153566,9153566,7,7,7,9153566,1719,1725,0.6887755102040816,1.0,0.35714285714285715
attention_l2,256,17,100.0,8973915,8973915,7,7,7,8973915,13527,13533,0.8112244897959183,1.0,0.5357142857142857
attention_l2,256,18,100.0,9852897,9852897,7,7,7,9852897,14947,14953,0.7602040816326531,1.0,0.5
attention_l2,256,19,100.0,4374754,4374754,7,7,7,4374754,7696,7702,0.7142857142857143,1.0,0.39285714285714285
attention_l1,256,0,100.0,7700828,7700828,7,7,7,7700828,8920,8926,0.8367346938775511,1.0,0.6071428571428571
attention_l1,256,1,100.0,9548432,9548432,7,7,7,9548432,12162,12168,0.8163265306122449,1.0,0.5
attention_l1,256,2,100.0,2839607,2839607,7,7,7,2839607,3784,3790,0.7755102040816325,1.0,0.5
attention_l1,256,3,100.0,8082668,8082668,7,7,7,8082668,14680,14686,0.8214285714285714,1.0,0.5714285714285714
attention_l1,256,4,100.0,7402509,7402509,7,7,7,7402509,14680,14686,0.8469387755102041,1.0,0.6071428571428571
attention_l1,256,5,100.0,5218028,5218028,7,7,7,5218028,13625,13631,0.7448979591836735,1.0,0.35714285714285715
attention_l1,256,6,100.0,2921859,2921859,7,7,7,2921859,13217,13223,0.8367346938775511,1.0,0.6071428571428571
attention_l1,256,7,100.0,6707197,6707197,7,7,7,6707197,2776,2782,0.7857142857142857,1.0,0.6071428571428571
attention_l1,256,8,100.0,3653446,3653446,7,7,7,3653446,11178,11184,0.8061224489795917,1.0,0.6071428571428571
attention_l1,256,9,100.0,5418934,5418934,7,7,7,5418934,12329,12335,0.8724489795918368,1.0,0.6428571428571429
attention_l1,256,10,100.0,2785277,2785277,7,7,7,2785277,15400,15406,0.8112244897959185,1.0,0.5357142857142857
attention_l1,256,11,100.0,9517169,9517169,7,7,7,9517169,14991,14997,0.8112244897959184,1.0,0.5714285714285714
attention_l1,256,12,100.0,7273233,7273233,7,7,7,7273233,4000,4006,0.8367346938775511,1.0,0.7142857142857143
attention_l1,256,13,100.0,6438436,6438436,7,7,7,6438436,12039,12045,0.8520408163265306,1.0,0.6785714285714286
attention_l1,256,14,100.0,7089806,7089806,7,7,7,7089806,7576,7582,0.8112244897959184,1.0,0.5357142857142857
attention_l1,256,15,100.0,5041154,5041154,7,7,7,5041154,13959,13965,0.816326530612245,1.0,0.42857142857142855
attention_l1,256,16,100.0,9153566,9153566,7,7,7,9153566,1719,1725,0.8112244897959184,1.0,0.5357142857142857
attention_l1,256,17,100.0,8973915,8973915,7,7,7,8973915,13527,13533,0.8367346938775512,1.0,0.6071428571428571
attention_l1,256,18,100.0,9852897,9852897,7,7,7,9852897,14947,14953,0.7908163265306124,1.0,0.4642857142857143
attention_l1,256,19,100.0,4374754,4374754,7,7,7,4374754,7696,7702,0.8316326530612246,1.0,0.6428571428571429
full,512,0,100.0,7700828,7700828,7,7,7,7700828,8920,8926,1.0,1.0,1.0
full,512,1,100.0,9548432,9548432,7,7,7,9548432,12162,12168,1.0,1.0,1.0
full,512,2,100.0,2839607,2839607,7,7,7,2839607,3784,3790,1.0,1.0,1.0
full,512,3,100.0,8082668,8082668,7,7,7,8082668,14680,14686,1.0,1.0,1.0
full,512,4,100.0,7402509,7402509,7,7,7,7402509,14680,14686,1.0,1.0,1.0
full,512,5,100.0,5218028,5218028,7,7,7,5218028,13625,13631,1.0,1.0,1.0
full,512,6,100.0,2921859,2921859,7,7,7,2921859,13217,13223,1.0,1.0,1.0
full,512,7,100.0,6707197,6707197,7,7,7,6707197,2776,2782,1.0,1.0,1.0
full,512,8,100.0,3653446,3653446,7,7,7,3653446,11178,11184,1.0,1.0,1.0
full,512,9,100.0,5418934,5418934,7,7,7,5418934,12329,12335,1.0,1.0,1.0
full,512,10,100.0,2785277,2785277,7,7,7,2785277,15400,15406,1.0,1.0,1.0
full,512,11,100.0,9517169,9517169,7,7,7,9517169,14991,14997,1.0,1.0,1.0
full,512,12,100.0,7273233,7273233,7,7,7,7273233,4000,4006,1.0,1.0,1.0
full,512,13,100.0,6438436,6438436,7,7,7,6438436,12039,12045,1.0,1.0,1.0
full,512,14,100.0,7089806,7089806,7,7,7,7089806,7576,7582,1.0,1.0,1.0
full,512,15,100.0,5041154,5041154,7,7,7,5041154,13959,13965,1.0,1.0,1.0
full,512,16,100.0,9153566,9153566,7,7,7,9153566,1719,1725,1.0,1.0,1.0
full,512,17,100.0,8973915,8973915,7,7,7,8973915,13527,13533,1.0,1.0,1.0
full,512,18,100.0,9852897,9852897,7,7,7,9852897,14947,14953,1.0,1.0,1.0
full,512,19,100.0,4374754,4374754,7,7,7,4374754,7696,7702,1.0,1.0,1.0
random,512,0,0.0,7700828,1,0,7,7,7700828,8920,8926,0.01020408163265306,0.14285714285714285,0.0
random,512,1,0.0,9548432,11111111111111111111111111111111111111111111111111111111111111111111111111111111111111111111111111111111111111111111111111111111,0,7,7,9548432,12162,12168,0.015306122448979591,0.14285714285714285,0.0
random,512,2,0.0,2839607,20000000000000000000000000000000000000000000000000000000000000000000000000000000000000000000000000000000000000000000000000000000,1,7,7,2839607,3784,3790,0.03061224489795918,0.2857142857142857,0.0
random,512,3,0.0,8082668,3,0,7,7,8082668,14680,14686,0.00510204081632653,0.14285714285714285,0.0
random,512,4,0.0,7402509,1,0,7,7,7402509,14680,14686,0.00510204081632653,0.14285714285714285,0.0
random,512,5,0.0,5218028,10000000000000000000000000000000000000000000000000000000000000000000000000000000000000000000000000000000000000000000000000000000,0,7,7,5218028,13625,13631,0.03061224489795918,0.2857142857142857,0.0
random,512,6,0.0,2921859,99999999999999999999999999999999999999999999999999999999999999999999999999999999999999999999999999999999999999999999999999999999,0,7,7,2921859,13217,13223,0.035714285714285705,0.14285714285714285,0.0
random,512,7,0.0,6707197,6,1,7,7,6707197,2776,2782,0.02551020408163265,0.14285714285714285,0.0
random,512,8,0.0,3653446,1,0,7,7,3653446,11178,11184,0.035714285714285705,0.14285714285714285,0.0
random,512,9,0.0,5418934,50000000000000000000000000000000000000000000000000000000000000000000000000000000000000000000000000000000000000000000000000000000,1,7,7,5418934,12329,12335,0.030612244897959183,0.2857142857142857,0.0
random,512,10,0.0,2785277,1,0,7,7,2785277,15400,15406,0.035714285714285705,0.2857142857142857,0.0
random,512,11,0.0,9517169,11111111111111111111111111111111111111111111111111111111111111111111111111111111111111111111111111111111111111111111111111111111,0,7,7,9517169,14991,14997,0.03061224489795918,0.14285714285714285,0.0
random,512,12,0.0,7273233,13333333333333333333333333333333333333333333333333333333333333333333333333333333333333333333333333333333333333333333333333333333,0,7,7,7273233,4000,4006,0.02551020408163265,0.14285714285714285,0.0
random,512,13,0.0,6438436,8,0,7,7,6438436,12039,12045,0.0510204081632653,0.2857142857142857,0.0
random,512,14,0.0,7089806,11111111111111111111111111111111111111111111111111111111111111111111111111111111111111111111111111111111111111111111111111111111,0,7,7,7089806,7576,7582,0.040816326530612235,0.14285714285714285,0.0
random,512,15,0.0,5041154,55555555555555555555555555555555555555555555555555555555555555555555555555555555555555555555555555555555555555555555555555555555,1,7,7,5041154,13959,13965,0.035714285714285705,0.14285714285714285,0.0
random,512,16,0.0,9153566,65555555555555555555555555555555555555555555555555555555555555555555555555555555555555555555555555555555555555555555555555555555,0,7,7,9153566,1719,1725,0.040816326530612235,0.14285714285714285,0.0
random,512,17,0.0,8973915,11111111111111111111111111111111111111111111111111111111111111111111111111111111111111111111111111111111111111111111111111111111,0,7,7,8973915,13527,13533,0.03061224489795918,0.14285714285714285,0.0
random,512,18,0.0,9852897,33333333333333333333333333333333333333333333333333333333333333333333333333333333333333333333333333333333333333333333333333333333,0,7,7,9852897,14947,14953,0.040816326530612235,0.42857142857142855,0.0
random,512,19,0.0,4374754,10000000000000000000000000000000000000000000000000000000000000000000000000000000000000000000000000000000000000000000000000000000,0,7,7,4374754,7696,7702,0.02040816326530612,0.14285714285714285,0.0
recency,512,0,0.0,7700828,10,0,7,7,7700828,8920,8926,0.0,0.0,0.0
recency,512,1,0.0,9548432,13,0,7,7,9548432,12162,12168,0.0,0.0,0.0
recency,512,2,0.0,2839607,17,0,7,7,2839607,3784,3790,0.0,0.0,0.0
recency,512,3,0.0,8082668,13,0,7,7,8082668,14680,14686,0.0,0.0,0.0
recency,512,4,0.0,7402509,13,0,7,7,7402509,14680,14686,0.0,0.0,0.0
recency,512,5,0.0,5218028,13,0,7,7,5218028,13625,13631,0.0,0.0,0.0
recency,512,6,0.0,2921859,10,0,7,7,2921859,13217,13223,0.0,0.0,0.0
recency,512,7,0.0,6707197,10,0,7,7,6707197,2776,2782,0.0,0.0,0.0
recency,512,8,0.0,3653446,11,0,7,7,3653446,11178,11184,0.0,0.0,0.0
recency,512,9,0.0,5418934,1,0,7,7,5418934,12329,12335,0.0,0.0,0.0
recency,512,10,100.0,2785277,2785277,7,7,7,2785277,15400,15406,1.0,1.0,1.0
recency,512,11,0.0,9517169,10,0,7,7,9517169,14991,14997,0.0,0.0,0.0
recency,512,12,0.0,7273233,13,0,7,7,7273233,4000,4006,0.0,0.0,0.0
recency,512,13,0.0,6438436,10,0,7,7,6438436,12039,12045,0.0,0.0,0.0
recency,512,14,0.0,7089806,13,0,7,7,7089806,7576,7582,0.0,0.0,0.0
recency,512,15,0.0,5041154,10,0,7,7,5041154,13959,13965,0.0,0.0,0.0
recency,512,16,0.0,9153566,10,0,7,7,9153566,1719,1725,0.0,0.0,0.0
recency,512,17,0.0,8973915,13,0,7,7,8973915,13527,13533,0.0,0.0,0.0
recency,512,18,0.0,9852897,135,0,7,7,9852897,14947,14953,0.0,0.0,0.0
recency,512,19,0.0,4374754,10,0,7,7,4374754,7696,7702,0.0,0.0,0.0
sink_recent,512,0,0.0,7700828,10,0,7,7,7700828,8920,8926,0.0,0.0,0.0
sink_recent,512,1,0.0,9548432,13,0,7,7,9548432,12162,12168,0.0,0.0,0.0
sink_recent,512,2,0.0,2839607,10,0,7,7,2839607,3784,3790,0.0,0.0,0.0
sink_recent,512,3,0.0,8082668,13,0,7,7,8082668,14680,14686,0.0,0.0,0.0
sink_recent,512,4,0.0,7402509,13,0,7,7,7402509,14680,14686,0.0,0.0,0.0
sink_recent,512,5,0.0,5218028,13,0,7,7,5218028,13625,13631,0.0,0.0,0.0
sink_recent,512,6,0.0,2921859,10,0,7,7,2921859,13217,13223,0.0,0.0,0.0
sink_recent,512,7,0.0,6707197,10,0,7,7,6707197,2776,2782,0.0,0.0,0.0
sink_recent,512,8,0.0,3653446,13,0,7,7,3653446,11178,11184,0.0,0.0,0.0
sink_recent,512,9,0.0,5418934,11,0,7,7,5418934,12329,12335,0.0,0.0,0.0
sink_recent,512,10,100.0,2785277,2785277,7,7,7,2785277,15400,15406,1.0,1.0,1.0
sink_recent,512,11,0.0,9517169,100,0,7,7,9517169,14991,14997,0.0,0.0,0.0
sink_recent,512,12,0.0,7273233,13,0,7,7,7273233,4000,4006,0.0,0.0,0.0
sink_recent,512,13,0.0,6438436,100,0,7,7,6438436,12039,12045,0.0,0.0,0.0
sink_recent,512,14,0.0,7089806,13,0,7,7,7089806,7576,7582,0.0,0.0,0.0
sink_recent,512,15,0.0,5041154,13,0,7,7,5041154,13959,13965,0.0,0.0,0.0
sink_recent,512,16,0.0,9153566,13,0,7,7,9153566,1719,1725,0.0,0.0,0.0
sink_recent,512,17,0.0,8973915,13,0,7,7,8973915,13527,13533,0.0,0.0,0.0
sink_recent,512,18,0.0,9852897,13,0,7,7,9852897,14947,14953,0.0,0.0,0.0
sink_recent,512,19,0.0,4374754,10,0,7,7,4374754,7696,7702,0.0,0.0,0.0
attention,512,0,100.0,7700828,7700828,7,7,7,7700828,8920,8926,0.8877551020408163,1.0,0.8571428571428571
attention,512,1,100.0,9548432,9548432,7,7,7,9548432,12162,12168,0.8979591836734694,1.0,0.8571428571428571
attention,512,2,100.0,2839607,2839607,7,7,7,2839607,3784,3790,0.816326530612245,1.0,0.6428571428571429
attention,512,3,100.0,8082668,8082668,7,7,7,8082668,14680,14686,0.9285714285714286,1.0,0.9285714285714286
attention,512,4,100.0,7402509,7402509,7,7,7,7402509,14680,14686,0.9285714285714286,1.0,0.9285714285714286
attention,512,5,100.0,5218028,5218028,7,7,7,5218028,13625,13631,0.8928571428571429,1.0,0.8571428571428571
attention,512,6,100.0,2921859,2921859,7,7,7,2921859,13217,13223,0.9030612244897959,1.0,0.8571428571428571
attention,512,7,100.0,6707197,6707197,7,7,7,6707197,2776,2782,0.8724489795918368,1.0,0.7857142857142857
attention,512,8,100.0,3653446,3653446,7,7,7,3653446,11178,11184,0.8928571428571429,1.0,0.8214285714285714
attention,512,9,100.0,5418934,5418934,7,7,7,5418934,12329,12335,0.923469387755102,1.0,0.8928571428571429
attention,512,10,100.0,2785277,2785277,7,7,7,2785277,15400,15406,0.9387755102040816,1.0,0.9285714285714286
attention,512,11,100.0,9517169,9517169,7,7,7,9517169,14991,14997,0.9285714285714286,1.0,0.9285714285714286
attention,512,12,100.0,7273233,7273233,7,7,7,7273233,4000,4006,0.7959183673469389,1.0,0.5357142857142857
attention,512,13,100.0,6438436,6438436,7,7,7,6438436,12039,12045,0.8877551020408163,1.0,0.8214285714285714
attention,512,14,100.0,7089806,7089806,7,7,7,7089806,7576,7582,0.8571428571428571,1.0,0.75
attention,512,15,100.0,5041154,5041154,7,7,7,5041154,13959,13965,0.8877551020408163,1.0,0.8214285714285714
attention,512,16,100.0,9153566,9153566,7,7,7,9153566,1719,1725,0.7857142857142857,1.0,0.6071428571428571
attention,512,17,100.0,8973915,8973915,7,7,7,8973915,13527,13533,0.9030612244897959,1.0,0.8571428571428571
attention,512,18,100.0,9852897,9852897,7,7,7,9852897,14947,14953,0.9081632653061226,1.0,0.8571428571428571
attention,512,19,100.0,4374754,4374754,7,7,7,4374754,7696,7702,0.8928571428571429,1.0,0.8214285714285714
snapkv,512,0,100.0,7700828,7700828,7,7,7,7700828,8920,8926,0.9336734693877551,1.0,0.9285714285714286
snapkv,512,1,0.0,9548432,954832,4,7,7,9548432,12162,12168,0.9285714285714286,1.0,0.9285714285714286
snapkv,512,2,100.0,2839607,2839607,7,7,7,2839607,3784,3790,0.9285714285714286,1.0,0.9285714285714286
snapkv,512,3,100.0,8082668,8082668,7,7,7,8082668,14680,14686,0.9438775510204083,1.0,0.9285714285714286
snapkv,512,4,100.0,7402509,7402509,7,7,7,7402509,14680,14686,0.9438775510204083,1.0,0.9285714285714286
snapkv,512,5,100.0,5218028,5218028,7,7,7,5218028,13625,13631,0.9285714285714286,1.0,0.9285714285714286
snapkv,512,6,100.0,2921859,2921859,7,7,7,2921859,13217,13223,0.9285714285714286,1.0,0.9285714285714286
snapkv,512,7,100.0,6707197,6707197,7,7,7,6707197,2776,2782,0.9285714285714286,1.0,0.9285714285714286
snapkv,512,8,100.0,3653446,3653446,7,7,7,3653446,11178,11184,0.9285714285714286,1.0,0.9285714285714286
snapkv,512,9,100.0,5418934,5418934,7,7,7,5418934,12329,12335,0.9387755102040816,1.0,0.9285714285714286
snapkv,512,10,100.0,2785277,2785277,7,7,7,2785277,15400,15406,0.9846938775510203,1.0,0.9642857142857143
snapkv,512,11,0.0,9517169,9517691,4,7,7,9517169,14991,14997,0.9591836734693878,1.0,0.9285714285714286
snapkv,512,12,100.0,7273233,7273233,7,7,7,7273233,4000,4006,0.9285714285714286,1.0,0.9285714285714286
snapkv,512,13,100.0,6438436,6438436,7,7,7,6438436,12039,12045,0.9387755102040816,1.0,0.9285714285714286
snapkv,512,14,100.0,7089806,7089806,7,7,7,7089806,7576,7582,0.9285714285714286,1.0,0.9285714285714286
snapkv,512,15,100.0,5041154,5041154,7,7,7,5041154,13959,13965,0.9285714285714286,1.0,0.9285714285714286
snapkv,512,16,100.0,9153566,9153566,7,7,7,9153566,1719,1725,0.9030612244897959,1.0,0.8928571428571429
snapkv,512,17,100.0,8973915,8973915,7,7,7,8973915,13527,13533,0.9285714285714286,1.0,0.9285714285714286
snapkv,512,18,100.0,9852897,9852897,7,7,7,9852897,14947,14953,0.9336734693877551,1.0,0.9285714285714286
snapkv,512,19,100.0,4374754,4374754,7,7,7,4374754,7696,7702,0.9285714285714286,1.0,0.9285714285714286
compactor,512,0,0.0,7700828,7701,3,7,7,7700828,8920,8926,0.596938775510204,1.0,0.35714285714285715
compactor,512,1,0.0,9548432,9595,2,7,7,9548432,12162,12168,0.5816326530612245,1.0,0.35714285714285715
compactor,512,2,0.0,2839607,28,2,7,7,2839607,3784,3790,0.5204081632653061,1.0,0.35714285714285715
compactor,512,3,0.0,8082668,8080,3,7,7,8082668,14680,14686,0.6377551020408163,1.0,0.35714285714285715
compactor,512,4,0.0,7402509,7400,3,7,7,7402509,14680,14686,0.5663265306122449,1.0,0.35714285714285715
compactor,512,5,0.0,5218028,521,3,7,7,5218028,13625,13631,0.5765306122448981,1.0,0.32142857142857145
compactor,512,6,0.0,2921859,29,2,7,7,2921859,13217,13223,0.5714285714285714,1.0,0.35714285714285715
compactor,512,7,0.0,6707197,671,2,7,7,6707197,2776,2782,0.586734693877551,1.0,0.32142857142857145
compactor,512,8,0.0,3653446,3655,3,7,7,3653446,11178,11184,0.653061224489796,1.0,0.35714285714285715
compactor,512,9,0.0,5418934,541,3,7,7,5418934,12329,12335,0.566326530612245,1.0,0.32142857142857145
compactor,512,10,0.0,2785277,27,2,7,7,2785277,15400,15406,0.5,1.0,0.2857142857142857
compactor,512,11,0.0,9517169,9516011,3,7,7,9517169,14991,14997,0.4642857142857143,1.0,0.32142857142857145
compactor,512,12,0.0,7273233,7272,3,7,7,7273233,4000,4006,0.5816326530612246,1.0,0.32142857142857145
compactor,512,13,0.0,6438436,64,2,7,7,6438436,12039,12045,0.5051020408163266,1.0,0.39285714285714285
compactor,512,14,0.0,7089806,7070,2,7,7,7089806,7576,7582,0.6122448979591838,1.0,0.35714285714285715
compactor,512,15,0.0,5041154,5011,2,7,7,5041154,13959,13965,0.5561224489795918,1.0,0.32142857142857145
compactor,512,16,0.0,9153566,9153,4,7,7,9153566,1719,1725,0.5816326530612246,1.0,0.35714285714285715
compactor,512,17,0.0,8973915,891,2,7,7,8973915,13527,13533,0.673469387755102,1.0,0.32142857142857145
compactor,512,18,0.0,9852897,989,2,7,7,9852897,14947,14953,0.5765306122448981,1.0,0.35714285714285715
compactor,512,19,0.0,4374754,431,2,7,7,4374754,7696,7702,0.5153061224489798,1.0,0.32142857142857145
pyramidkv,512,0,100.0,7700828,7700828,7,7,7,7700828,8920,8926,0.9183673469387755,1.0,0.8928571428571429
pyramidkv,512,1,0.0,9548432,9548322,4,7,7,9548432,12162,12168,0.923469387755102,1.0,0.8928571428571429
pyramidkv,512,2,0.0,2839607,2839707,4,7,7,2839607,3784,3790,0.8877551020408163,1.0,0.8571428571428571
pyramidkv,512,3,0.0,8082668,8088668,3,7,7,8082668,14680,14686,0.9336734693877551,1.0,0.8928571428571429
pyramidkv,512,4,0.0,7402509,7409,3,7,7,7402509,14680,14686,0.9438775510204083,1.0,0.8928571428571429
pyramidkv,512,5,100.0,5218028,5218028,7,7,7,5218028,13625,13631,0.913265306122449,1.0,0.8571428571428571
pyramidkv,512,6,100.0,2921859,2921859,7,7,7,2921859,13217,13223,0.913265306122449,1.0,0.8571428571428571
pyramidkv,512,7,100.0,6707197,6707197,7,7,7,6707197,2776,2782,0.8877551020408163,1.0,0.8214285714285714
pyramidkv,512,8,100.0,3653446,3653446,7,7,7,3653446,11178,11184,0.913265306122449,1.0,0.8928571428571429
pyramidkv,512,9,100.0,5418934,5418934,7,7,7,5418934,12329,12335,0.9285714285714287,1.0,0.8928571428571429
pyramidkv,512,10,0.0,2785277,2785777,4,7,7,2785277,15400,15406,0.9846938775510204,1.0,0.9642857142857143
pyramidkv,512,11,0.0,9517169,95169,3,7,7,9517169,14991,14997,0.9540816326530613,1.0,0.8928571428571429
pyramidkv,512,12,0.0,7273233,7273323,4,7,7,7273233,4000,4006,0.8775510204081634,1.0,0.8214285714285714
pyramidkv,512,13,0.0,6438436,6436436,3,7,7,6438436,12039,12045,0.923469387755102,1.0,0.8928571428571429
pyramidkv,512,14,0.0,7089806,7089606,4,7,7,7089806,7576,7582,0.9081632653061226,1.0,0.8571428571428571
pyramidkv,512,15,0.0,5041154,5041541,4,7,7,5041154,13959,13965,0.9030612244897959,1.0,0.8571428571428571
pyramidkv,512,16,0.0,9153566,9153666,4,7,7,9153566,1719,1725,0.8877551020408162,1.0,0.8214285714285714
pyramidkv,512,17,0.0,8973915,897,3,7,7,8973915,13527,13533,0.923469387755102,1.0,0.8928571428571429
pyramidkv,512,18,0.0,9852897,9857978,3,7,7,9852897,14947,14953,0.9489795918367347,1.0,0.8928571428571429
pyramidkv,512,19,100.0,4374754,4374754,7,7,7,4374754,7696,7702,0.9183673469387755,1.0,0.8571428571428571
l2_prefill_only,512,0,100.0,7700828,7700828,7,7,7,7700828,8920,8926,0.9795918367346939,1.0,0.9642857142857143
l2_prefill_only,512,1,100.0,9548432,9548432,7,7,7,9548432,12162,12168,0.9948979591836735,1.0,0.9642857142857143
l2_prefill_only,512,2,100.0,2839607,2839607,7,7,7,2839607,3784,3790,0.9693877551020408,1.0,0.9642857142857143
l2_prefill_only,512,3,100.0,8082668,8082668,7,7,7,8082668,14680,14686,0.9948979591836735,1.0,0.9642857142857143
l2_prefill_only,512,4,100.0,7402509,7402509,7,7,7,7402509,14680,14686,0.9897959183673469,1.0,0.9642857142857143
l2_prefill_only,512,5,100.0,5218028,5218028,7,7,7,5218028,13625,13631,0.9948979591836735,1.0,0.9642857142857143
l2_prefill_only,512,6,100.0,2921859,2921859,7,7,7,2921859,13217,13223,0.9795918367346939,1.0,0.9642857142857143
l2_prefill_only,512,7,100.0,6707197,6707197,7,7,7,6707197,2776,2782,0.9897959183673469,1.0,0.9642857142857143
l2_prefill_only,512,8,100.0,3653446,3653446,7,7,7,3653446,11178,11184,0.9846938775510204,1.0,0.9642857142857143
l2_prefill_only,512,9,100.0,5418934,5418934,7,7,7,5418934,12329,12335,0.9846938775510204,1.0,0.9642857142857143
l2_prefill_only,512,10,100.0,2785277,2785277,7,7,7,2785277,15400,15406,1.0,1.0,1.0
l2_prefill_only,512,11,100.0,9517169,9517169,7,7,7,9517169,14991,14997,1.0,1.0,1.0
l2_prefill_only,512,12,100.0,7273233,7273233,7,7,7,7273233,4000,4006,0.9948979591836735,1.0,0.9642857142857143
l2_prefill_only,512,13,100.0,6438436,6438436,7,7,7,6438436,12039,12045,0.9897959183673469,1.0,0.9642857142857143
l2_prefill_only,512,14,100.0,7089806,7089806,7,7,7,7089806,7576,7582,0.9846938775510204,1.0,0.9642857142857143
l2_prefill_only,512,15,100.0,5041154,5041154,7,7,7,5041154,13959,13965,0.9948979591836735,1.0,0.9642857142857143
l2_prefill_only,512,16,100.0,9153566,9153566,7,7,7,9153566,1719,1725,0.9693877551020408,1.0,0.9642857142857143
l2_prefill_only,512,17,100.0,8973915,8973915,7,7,7,8973915,13527,13533,0.9948979591836735,1.0,0.9642857142857143
l2_prefill_only,512,18,100.0,9852897,9852897,7,7,7,9852897,14947,14953,0.9948979591836735,1.0,0.9642857142857143
l2_prefill_only,512,19,100.0,4374754,4374754,7,7,7,4374754,7696,7702,0.9948979591836735,1.0,0.9642857142857143
l2_key_prefill_only,512,0,100.0,7700828,7700828,7,7,7,7700828,8920,8926,1.0,1.0,1.0
l2_key_prefill_only,512,1,100.0,9548432,9548432,7,7,7,9548432,12162,12168,1.0,1.0,1.0
l2_key_prefill_only,512,2,100.0,2839607,2839607,7,7,7,2839607,3784,3790,1.0,1.0,1.0
l2_key_prefill_only,512,3,100.0,8082668,8082668,7,7,7,8082668,14680,14686,1.0,1.0,1.0
l2_key_prefill_only,512,4,100.0,7402509,7402509,7,7,7,7402509,14680,14686,1.0,1.0,1.0
l2_key_prefill_only,512,5,100.0,5218028,5218028,7,7,7,5218028,13625,13631,1.0,1.0,1.0
l2_key_prefill_only,512,6,100.0,2921859,2921859,7,7,7,2921859,13217,13223,1.0,1.0,1.0
l2_key_prefill_only,512,7,100.0,6707197,6707197,7,7,7,6707197,2776,2782,1.0,1.0,1.0
l2_key_prefill_only,512,8,100.0,3653446,3653446,7,7,7,3653446,11178,11184,1.0,1.0,1.0
l2_key_prefill_only,512,9,100.0,5418934,5418934,7,7,7,5418934,12329,12335,1.0,1.0,1.0
l2_key_prefill_only,512,10,100.0,2785277,2785277,7,7,7,2785277,15400,15406,1.0,1.0,1.0
l2_key_prefill_only,512,11,100.0,9517169,9517169,7,7,7,9517169,14991,14997,1.0,1.0,1.0
l2_key_prefill_only,512,12,100.0,7273233,7273233,7,7,7,7273233,4000,4006,1.0,1.0,1.0
l2_key_prefill_only,512,13,100.0,6438436,6438436,7,7,7,6438436,12039,12045,1.0,1.0,1.0
l2_key_prefill_only,512,14,100.0,7089806,7089806,7,7,7,7089806,7576,7582,1.0,1.0,1.0
l2_key_prefill_only,512,15,100.0,5041154,5041154,7,7,7,5041154,13959,13965,1.0,1.0,1.0
l2_key_prefill_only,512,16,100.0,9153566,9153566,7,7,7,9153566,1719,1725,1.0,1.0,1.0
l2_key_prefill_only,512,17,100.0,8973915,8973915,7,7,7,8973915,13527,13533,1.0,1.0,1.0
l2_key_prefill_only,512,18,100.0,9852897,9852897,7,7,7,9852897,14947,14953,1.0,1.0,1.0
l2_key_prefill_only,512,19,100.0,4374754,4374754,7,7,7,4374754,7696,7702,1.0,1.0,1.0
l2_leverage,512,0,100.0,7700828,7700828,7,7,7,7700828,8920,8926,0.9693877551020408,1.0,0.9285714285714286
l2_leverage,512,1,100.0,9548432,9548432,7,7,7,9548432,12162,12168,0.9642857142857143,1.0,0.8928571428571429
l2_leverage,512,2,100.0,2839607,2839607,7,7,7,2839607,3784,3790,0.9387755102040816,1.0,0.8214285714285714
l2_leverage,512,3,100.0,8082668,8082668,7,7,7,8082668,14680,14686,0.9693877551020408,1.0,0.8928571428571429
l2_leverage,512,4,100.0,7402509,7402509,7,7,7,7402509,14680,14686,0.9438775510204083,1.0,0.8214285714285714
l2_leverage,512,5,100.0,5218028,5218028,7,7,7,5218028,13625,13631,0.9489795918367347,1.0,0.7857142857142857
l2_leverage,512,6,100.0,2921859,2921859,7,7,7,2921859,13217,13223,0.9438775510204083,1.0,0.7857142857142857
l2_leverage,512,7,100.0,6707197,6707197,7,7,7,6707197,2776,2782,0.9693877551020408,1.0,0.8928571428571429
l2_leverage,512,8,100.0,3653446,3653446,7,7,7,3653446,11178,11184,0.9489795918367347,1.0,0.8214285714285714
l2_leverage,512,9,100.0,5418934,5418934,7,7,7,5418934,12329,12335,0.9540816326530613,1.0,0.8571428571428571
l2_leverage,512,10,100.0,2785277,2785277,7,7,7,2785277,15400,15406,0.9693877551020409,1.0,0.8571428571428571
l2_leverage,512,11,100.0,9517169,9517169,7,7,7,9517169,14991,14997,0.9591836734693878,1.0,0.8928571428571429
l2_leverage,512,12,100.0,7273233,7273233,7,7,7,7273233,4000,4006,0.9846938775510204,1.0,0.9285714285714286
l2_leverage,512,13,100.0,6438436,6438436,7,7,7,6438436,12039,12045,0.9846938775510204,1.0,0.9285714285714286
l2_leverage,512,14,100.0,7089806,7089806,7,7,7,7089806,7576,7582,0.9489795918367347,1.0,0.8214285714285714
l2_leverage,512,15,100.0,5041154,5041154,7,7,7,5041154,13959,13965,0.9744897959183675,1.0,0.8928571428571429
l2_leverage,512,16,100.0,9153566,9153566,7,7,7,9153566,1719,1725,0.9489795918367347,1.0,0.8214285714285714
l2_leverage,512,17,100.0,8973915,8973915,7,7,7,8973915,13527,13533,0.979591836734694,1.0,0.8928571428571429
l2_leverage,512,18,100.0,9852897,9852897,7,7,7,9852897,14947,14953,0.9693877551020409,1.0,0.8928571428571429
l2_leverage,512,19,100.0,4374754,4374754,7,7,7,4374754,7696,7702,0.9540816326530612,1.0,0.8214285714285714
l1_prefill_only,512,0,100.0,7700828,7700828,7,7,7,7700828,8920,8926,0.923469387755102,1.0,0.8571428571428571
l1_prefill_only,512,1,100.0,9548432,9548432,7,7,7,9548432,12162,12168,0.923469387755102,1.0,0.8214285714285714
l1_prefill_only,512,2,100.0,2839607,2839607,7,7,7,2839607,3784,3790,0.8979591836734695,1.0,0.7142857142857143
l1_prefill_only,512,3,100.0,8082668,8082668,7,7,7,8082668,14680,14686,0.9336734693877551,1.0,0.8571428571428571
l1_prefill_only,512,4,100.0,7402509,7402509,7,7,7,7402509,14680,14686,0.9336734693877551,1.0,0.8571428571428571
l1_prefill_only,512,5,100.0,5218028,5218028,7,7,7,5218028,13625,13631,0.903061224489796,1.0,0.75
l1_prefill_only,512,6,100.0,2921859,2921859,7,7,7,2921859,13217,13223,0.9336734693877551,1.0,0.8928571428571429
l1_prefill_only,512,7,100.0,6707197,6707197,7,7,7,6707197,2776,2782,0.9285714285714286,1.0,0.8214285714285714
l1_prefill_only,512,8,100.0,3653446,3653446,7,7,7,3653446,11178,11184,0.9081632653061226,1.0,0.75
l1_prefill_only,512,9,100.0,5418934,5418934,7,7,7,5418934,12329,12335,0.9183673469387755,1.0,0.7857142857142857
l1_prefill_only,512,10,100.0,2785277,2785277,7,7,7,2785277,15400,15406,0.9285714285714286,1.0,0.75
l1_prefill_only,512,11,100.0,9517169,9517169,7,7,7,9517169,14991,14997,0.9489795918367347,1.0,0.8571428571428571
l1_prefill_only,512,12,100.0,7273233,7273233,7,7,7,7273233,4000,4006,0.9285714285714286,1.0,0.8571428571428571
l1_prefill_only,512,13,100.0,6438436,6438436,7,7,7,6438436,12039,12045,0.9387755102040817,1.0,0.8214285714285714
l1_prefill_only,512,14,100.0,7089806,7089806,7,7,7,7089806,7576,7582,0.9081632653061226,1.0,0.75
l1_prefill_only,512,15,100.0,5041154,5041154,7,7,7,5041154,13959,13965,0.9183673469387755,1.0,0.75
l1_prefill_only,512,16,100.0,9153566,9153566,7,7,7,9153566,1719,1725,0.913265306122449,1.0,0.7857142857142857
l1_prefill_only,512,17,100.0,8973915,8973915,7,7,7,8973915,13527,13533,0.9285714285714286,1.0,0.8214285714285714
l1_prefill_only,512,18,100.0,9852897,9852897,7,7,7,9852897,14947,14953,0.9336734693877552,1.0,0.7857142857142857
l1_prefill_only,512,19,100.0,4374754,4374754,7,7,7,4374754,7696,7702,0.9387755102040817,1.0,0.8571428571428571
l1_leverage,512,0,100.0,7700828,7700828,7,7,7,7700828,8920,8926,0.923469387755102,1.0,0.8571428571428571
l1_leverage,512,1,100.0,9548432,9548432,7,7,7,9548432,12162,12168,0.923469387755102,1.0,0.8214285714285714
l1_leverage,512,2,100.0,2839607,2839607,7,7,7,2839607,3784,3790,0.8928571428571429,1.0,0.7142857142857143
l1_leverage,512,3,100.0,8082668,8082668,7,7,7,8082668,14680,14686,0.9336734693877551,1.0,0.8571428571428571
l1_leverage,512,4,100.0,7402509,7402509,7,7,7,7402509,14680,14686,0.923469387755102,1.0,0.8214285714285714
l1_leverage,512,5,100.0,5218028,5218028,7,7,7,5218028,13625,13631,0.903061224489796,1.0,0.75
l1_leverage,512,6,100.0,2921859,2921859,7,7,7,2921859,13217,13223,0.9336734693877551,1.0,0.8928571428571429
l1_leverage,512,7,100.0,6707197,6707197,7,7,7,6707197,2776,2782,0.923469387755102,1.0,0.8214285714285714
l1_leverage,512,8,100.0,3653446,3653446,7,7,7,3653446,11178,11184,0.8979591836734695,1.0,0.7142857142857143
l1_leverage,512,9,100.0,5418934,5418934,7,7,7,5418934,12329,12335,0.9183673469387755,1.0,0.7857142857142857
l1_leverage,512,10,100.0,2785277,2785277,7,7,7,2785277,15400,15406,0.913265306122449,1.0,0.6785714285714286
l1_leverage,512,11,100.0,9517169,9517169,7,7,7,9517169,14991,14997,0.9438775510204083,1.0,0.8214285714285714
l1_leverage,512,12,100.0,7273233,7273233,7,7,7,7273233,4000,4006,0.9285714285714286,1.0,0.8571428571428571
l1_leverage,512,13,100.0,6438436,6438436,7,7,7,6438436,12039,12045,0.923469387755102,1.0,0.8214285714285714
l1_leverage,512,14,100.0,7089806,7089806,7,7,7,7089806,7576,7582,0.903061224489796,1.0,0.75
l1_leverage,512,15,100.0,5041154,5041154,7,7,7,5041154,13959,13965,0.9183673469387755,1.0,0.75
l1_leverage,512,16,100.0,9153566,9153566,7,7,7,9153566,1719,1725,0.913265306122449,1.0,0.7857142857142857
l1_leverage,512,17,100.0,8973915,8973915,7,7,7,8973915,13527,13533,0.923469387755102,1.0,0.7857142857142857
l1_leverage,512,18,100.0,9852897,9852897,7,7,7,9852897,14947,14953,0.9234693877551022,1.0,0.7142857142857143
l1_leverage,512,19,100.0,4374754,4374754,7,7,7,4374754,7696,7702,0.9336734693877552,1.0,0.8214285714285714
attention_l2,512,0,100.0,7700828,7700828,7,7,7,7700828,8920,8926,1.0,1.0,1.0
attention_l2,512,1,100.0,9548432,9548432,7,7,7,9548432,12162,12168,1.0,1.0,1.0
attention_l2,512,2,100.0,2839607,2839607,7,7,7,2839607,3784,3790,0.9948979591836735,1.0,0.9642857142857143
attention_l2,512,3,100.0,8082668,8082668,7,7,7,8082668,14680,14686,1.0,1.0,1.0
attention_l2,512,4,100.0,7402509,7402509,7,7,7,7402509,14680,14686,1.0,1.0,1.0
attention_l2,512,5,100.0,5218028,5218028,7,7,7,5218028,13625,13631,1.0,1.0,1.0
attention_l2,512,6,100.0,2921859,2921859,7,7,7,2921859,13217,13223,1.0,1.0,1.0
attention_l2,512,7,100.0,6707197,6707197,7,7,7,6707197,2776,2782,0.9948979591836735,1.0,0.9642857142857143
attention_l2,512,8,100.0,3653446,3653446,7,7,7,3653446,11178,11184,1.0,1.0,1.0
attention_l2,512,9,100.0,5418934,5418934,7,7,7,5418934,12329,12335,1.0,1.0,1.0
attention_l2,512,10,100.0,2785277,2785277,7,7,7,2785277,15400,15406,1.0,1.0,1.0
attention_l2,512,11,100.0,9517169,9517169,7,7,7,9517169,14991,14997,1.0,1.0,1.0
attention_l2,512,12,100.0,7273233,7273233,7,7,7,7273233,4000,4006,1.0,1.0,1.0
attention_l2,512,13,100.0,6438436,6438436,7,7,7,6438436,12039,12045,1.0,1.0,1.0
attention_l2,512,14,100.0,7089806,7089806,7,7,7,7089806,7576,7582,1.0,1.0,1.0
attention_l2,512,15,100.0,5041154,5041154,7,7,7,5041154,13959,13965,1.0,1.0,1.0
attention_l2,512,16,100.0,9153566,9153566,7,7,7,9153566,1719,1725,1.0,1.0,1.0
attention_l2,512,17,100.0,8973915,8973915,7,7,7,8973915,13527,13533,1.0,1.0,1.0
attention_l2,512,18,100.0,9852897,9852897,7,7,7,9852897,14947,14953,1.0,1.0,1.0
attention_l2,512,19,100.0,4374754,4374754,7,7,7,4374754,7696,7702,1.0,1.0,1.0
attention_l1,512,0,100.0,7700828,7700828,7,7,7,7700828,8920,8926,0.9642857142857143,1.0,0.9642857142857143
attention_l1,512,1,100.0,9548432,9548432,7,7,7,9548432,12162,12168,0.9591836734693878,1.0,0.9285714285714286
attention_l1,512,2,100.0,2839607,2839607,7,7,7,2839607,3784,3790,0.923469387755102,1.0,0.7857142857142857
attention_l1,512,3,100.0,8082668,8082668,7,7,7,8082668,14680,14686,0.9642857142857143,1.0,0.9642857142857143
attention_l1,512,4,100.0,7402509,7402509,7,7,7,7402509,14680,14686,0.9642857142857143,1.0,0.9642857142857143
attention_l1,512,5,100.0,5218028,5218028,7,7,7,5218028,13625,13631,0.9489795918367347,1.0,0.8928571428571429
attention_l1,512,6,100.0,2921859,2921859,7,7,7,2921859,13217,13223,0.9591836734693878,1.0,0.9285714285714286
attention_l1,512,7,100.0,6707197,6707197,7,7,7,6707197,2776,2782,0.9591836734693878,1.0,0.9285714285714286
attention_l1,512,8,100.0,3653446,3653446,7,7,7,3653446,11178,11184,0.9642857142857143,1.0,0.9642857142857143
attention_l1,512,9,100.0,5418934,5418934,7,7,7,5418934,12329,12335,0.9642857142857143,1.0,0.9642857142857143
attention_l1,512,10,100.0,2785277,2785277,7,7,7,2785277,15400,15406,0.9642857142857143,1.0,0.9642857142857143
attention_l1,512,11,100.0,9517169,9517169,7,7,7,9517169,14991,14997,0.9642857142857143,1.0,0.9642857142857143
attention_l1,512,12,100.0,7273233,7273233,7,7,7,7273233,4000,4006,0.9387755102040817,1.0,0.8928571428571429
attention_l1,512,13,100.0,6438436,6438436,7,7,7,6438436,12039,12045,0.9642857142857143,1.0,0.9642857142857143
attention_l1,512,14,100.0,7089806,7089806,7,7,7,7089806,7576,7582,0.9540816326530612,1.0,0.8928571428571429
attention_l1,512,15,100.0,5041154,5041154,7,7,7,5041154,13959,13965,0.9642857142857143,1.0,0.9642857142857143
attention_l1,512,16,100.0,9153566,9153566,7,7,7,9153566,1719,1725,0.9489795918367347,1.0,0.8571428571428571
attention_l1,512,17,100.0,8973915,8973915,7,7,7,8973915,13527,13533,0.9540816326530612,1.0,0.8928571428571429
attention_l1,512,18,100.0,9852897,9852897,7,7,7,9852897,14947,14953,0.9642857142857143,1.0,0.9642857142857143
attention_l1,512,19,100.0,4374754,4374754,7,7,7,4374754,7696,7702,0.9642857142857143,1.0,0.9642857142857143
